Metabolites;Description;read;write;requirement
ALA_c;L-alanine;;x;
AMP_c;AMP;;x;
AMP_ALA_c_requirement;L-alanyl-AMP;;x;x
AMP_ARG_c_requirement;L-Arginyl-AMP;;x;x
AMP_ASN_c_requirement;L-Asparagyl-AMP;;x;x
AMP_ASP_c_requirement;L-Aspartyl-AMP;;x;x
AMP_CYS_c_requirement;L-Cysteinyl-AMP;;x;x
AMP_FMET_c_requirement;N-Formyl-L-methionine-AMP;;x;x
AMP_GLN_c_requirement;L-glutaminyl-AMP;;x;x
AMP_GLU_c_requirement;L-Glutamatyl-AMP;;x;x
AMP_GLY_c_requirement;glycyl-AMP;;x;x
AMP_HIS_c_requirement;L-Histidyl-AMP;;x;x
AMP_ILE_c_requirement;L-Isoleucyl-AMP;;x;x
AMP_LEU_c_requirement;L-Leucyl-AMP;;x;x
AMP_LYS_c_requirement;L-Lysyl-AMP;;x;x
AMP_Lysine_c_requirement;AMP-Lysine;;x;x
AMP_MET_c_requirement;L-Methionyl-AMP;;x;x
AMP_Mor_c_requirement;AMP-morpholidate;;x;x
AMP_NH2_c_requirement;AMP-NH2;;x;x
AMP_PHE_c_requirement;L-phenylalanyl-AMP;;x;x
AMP_PRO_c_requirement;L-Prolyl-AMP;;x;x
AMP_SER_c_requirement;L-Seryl-AMP;;x;x
AMP_THR_c_requirement;L-Threonyl-AMP;;x;x
AMP_TRP_c_requirement;L-tryptophanyl-AMP;;x;x
AMP_TYR_c_requirement;L-tyrosyl-AMP;;x;x
AMP_VAL_c_requirement;L-Valyl-AMP;;x;x
ARG_c;L-Arginine;;x;
ASN_c;L-Asparagine;;x;
ASP_c;L-Aspartate;;x;
ApAp_c_requirement;;;x;x
CMP_c;CMP;;x;
CpCp_c_requirement;;;x;x
CSN_c;cytosine;;x;
CYS_c;L-Cysteine;;x;
FMET_c;N-Formyl-L-methionine;;x;
FOR_c;Formate;;x;
GLN_c;L-glutamine;;x;
GLU_c;L-Glutamate;;x;
GLY_c;glycine;;x;
GMP_c;GMP;;x;
GpGp_c_requirement;;;x;x
H_c;hydrogen ion;;x;
H2O_c;water;;x;
H2O_c_requirement;water;;x;x
HIS_c;L-Histidine;;x;
ILE_c;L-Isoleucine;;x;
LEU_c;L-Leucine;;x;
LYS_c;L-Lysine;;x;
MET_c;L-Methionine;;x;
NH3_c;ammonia;;x;
PHE_c;L-phenylalanine;;x;
PRO_c;L-Proline;;x;
SER_c;L-Serine;;x;
THR_c;L-Threonine;;x;
TRP_c;L-tryptophan;;x;
TYR_c;L-tyrosine;;x;
UMP_c;UMP;;x;
UpUp_c_requirement;;;x;x
VAL_c;L-Valine;;x;
