RNAs;Description;read;write
MG_0001_c;scRNA, signal recognition particle 4.5S RNA, MCS1;x;
MG_0002_c;MG170 RNA;x;
MG_0003_c;Rnase P RNA, MCS5, M1 RNA;x;
MG_0004_c;transfer-messenger RNA, tmRNA, MCS6, 10Sa RNA;x;
MG_001_c;DNA polymerase III, beta subunit;x;
MG_002_c;DnaJ domain protein;x;
MG_003_c;DNA gyrase, B subunit;x;
MG_004_c;DNA gyrase, A subunit;x;
MG_005_c;seryl-tRNA synthetase;x;
MG_006_c;thymidylate kinase;x;
MG_007_c;DNA polymerase III delta prime subunit, putative;x;
MG_008_c;tRNA modification GTPase TrmE;x;
MG_009_c;deoxyribonuclease;x;
MG_010_c;DNA primase-related protein;x;
MG_011_c;;x;
MG_012_c;alpha-L-glutamate ligase;x;
MG_013_c;methylenetetrahydrofolate dehydrogenase/methylenetetrahydrofolate cyclohydrolase;x;
MG_014_c;multidrug ABC transporter, ATP-binding/permease protein;x;
MG_015_c;multidrug ABC transporter, ATP-binding/permease protein;x;
MG_018_c;SNF2 family helicase putative;x;
MG_019_c;chaperone protein DnaJ;x;
MG_020_c;proline iminopeptidase;x;
MG_021_c;methionyl-tRNA synthetase;x;
MG_022_c;DNA-directed RNA polymerase, delta subunit;x;
MG_023_c;fructose-1,6-bisphosphate aldolase, class II;x;
MG_024_c;GTP-binding protein YchF;x;
MG_025_c;Beta-glycosyl transferase;x;
MG_026_c;translation elongation factor P;x;
MG_027_c;transcription termination/antitermination protein NusB;x;
MG_028_c;;x;
MG_029_c;DJ-1/PfpI family protein;x;
MG_030_c;uracil phosphoribosyltransferase;x;
MG_031_c;DNA polymerase III, alpha subunit, Gram-positive type;x;
MG_032_c;;x;
MG_033_c;glycerol uptake facilitator;x;
MG_034_c;thymidine kinase;x;
MG_035_c;histidyl-tRNA synthetase;x;
MG_036_c;aspartyl-tRNA synthetase;x;
MG_037_c;nicotinate phosphoribosyltransferase;x;
MG_038_c;glycerol kinase;x;
MG_039_c;FAD-dependent glycerol-3-phosphate dehydrogenase, putative;x;
MG_040_c;Monosaccharide (riboside/galactoside) ABC transporter, substrate binding protein;x;
MG_041_c;PTS system, HPr;x;
MG_042_c;spermidine/putrescine (polyamine) ABC transporter, ATP-binding protein, putative;x;
MG_043_c;spermidine/putrescine (polyamine) ABC transporter, permease protein, putative;x;
MG_044_c;spermidine/putrescine (polyamine) ABC transporter, permease protein, putative;x;
MG_045_c;spermidine/putrescine (polyamine) ABC transporter, spermidine/putrescine binding protein, putative;x;
MG_046_c;metalloendopeptidase;x;
MG_047_c;S-adenosylmethionine synthetase;x;
MG_048_c;signal recognition particle protein;x;
MG_049_c;purine nucleoside phosphorylase;x;
MG_050_c;deoxyribose-phosphate aldolase;x;
MG_051_c;pyrimidine-nucleoside phosphorylase;x;
MG_052_c;cytidine deaminase;x;
MG_053_c;phosphoglucomutase/phosphomannomutase, putative;x;
MG_054_c;transcription antitermination protein NusG, putative;x;
MG_055_c;preprotein translocase, SecE subunit;x;
MG_056_c;tetrapyrrole (corrin/porphyrin) methylase protein;x;
MG_057_c;small primase-like protein;x;
MG_058_c;ribose-phosphate pyrophosphokinase;x;
MG_059_c;SsrA-binding protein;x;
MG_060_c;glycosyl transferase;x;
MG_061_c;Mycoplasma MFS transporter;x;
MG_062_c;PTS system, fructose-specific IIABC component;x;
MG_063_c;1-phosphofructokinase, putative;x;
MG_064_c;ABC transporter, permease protein, putative;x;
MG_065_c;ABC transporter, ATP-binding protein;x;
MG_066_c;transketolase;x;
MG_067_c;lipoprotein, putative;x;
MG_068_c;lipoprotein, putative;x;
MG_069_c;PTS system, glucose-specific IIABC component;x;
MG_070_c;ribosomal protein S2;x;
MG_071_c;ATPase, P-type (transporting), HAD superfamily, subfamily IC;x;
MG_072_c;preprotein translocase, SecA subunit;x;
MG_073_c;excinuclease ABC, B subunit;x;
MG_074_c;;x;
MG_075_c;116 kDa surface antigen;x;
MG_076_c;;x;
MG_077_c;oligopeptide ABC transporter, permease protein;x;
MG_078_c;oligopeptide ABC transporter, permease protein;x;
MG_079_c;oligopeptide ABC transporter, ATP-binding protein;x;
MG_080_c;oligopeptide ABC transporter, ATP-binding protein;x;
MG_081_c;ribosomal protein L11;x;
MG_082_c;ribosomal protein L1;x;
MG_083_c;peptidyl-tRNA hydrolase;x;
MG_084_c;tRNA(Ile)-lysidine synthetase;x;
MG_085_c;HPr(Ser) kinase/phosphatase;x;
MG_086_c;prolipoprotein diacylglyceryl transferase;x;
MG_087_c;ribosomal protein S12;x;
MG_088_c;ribosomal protein S7;x;
MG_089_c;translation elongation factor G;x;
MG_090_c;ribosomal protein S6;x;
MG_091_c;single-strand binding protein family;x;
MG_092_c;ribosomal protein S18;x;
MG_093_c;ribosomal protein L9;x;
MG_094_c;replicative DNA helicase;x;
MG_095_c;lipoprotein, putative;x;
MG_096_c;;x;
MG_097_c;uracil-DNA glycosylase, putative;x;
MG_098_c;glutamyl-tRNA(Gln) and/or aspartyl-tRNA(Asn) amidotransferase, C subunit;x;
MG_099_c;glutamyl-tRNA(Gln) and/or aspartyl-tRNA(Asn) amidotransferase, A subunit;x;
MG_100_c;glutamyl-tRNA(Gln) and/or aspartyl-tRNA(Asn) amidotransferase, B subunit;x;
MG_101_c;Uncharacterized HTH-type transcriptional regulator;x;
MG_102_c;thioredoxin-disulfide reductase;x;
MG_103_c;;x;
MG_104_c;ribonuclease R;x;
MG_105_c;putative DNA integrity scanning protein;x;
MG_106_c;peptide deformylase;x;
MG_107_c;guanylate kinase;x;
MG_108_c;Ser/Thr protein phosphatase 2C, putative;x;
MG_109_c;serine/threonine protein kinase, putative;x;
MG_110_c;ribosome small subunit-dependent GTPase A;x;
MG_111_c;glucose-6-phosphate isomerase;x;
MG_112_c;ribulose-phosphate 3-epimerase;x;
MG_113_c;asparaginyl-tRNA synthetase;x;
MG_114_c;CDP-diacylglycerol--glycerol-3-phosphate 3-phosphatidyltransferase;x;
MG_115_c;competence/damage-inducible protein CinA domain protein;x;
MG_116_c;;x;
MG_117_c;;x;
MG_118_c;UDP-glucose 4-epimerase;x;
MG_119_c;Monosaccharide (riboside/galactoside) ABC transporter, ATP-binding protein;x;
MG_120_c;Monosaccharide (riboside/galactoside) ABC transporter, permease protein;x;
MG_121_c;Monosaccharide (riboside/galactoside) ABC transporter, permease protein;x;
MG_122_c;DNA topoisomerase I;x;
MG_123_c;arginine deaminasse;x;
MG_124_c;thioredoxin;x;
MG_125_c;Cof-like hydrolase, putative;x;
MG_126_c;tryptophanyl-tRNA synthetase;x;
MG_127_c;Spx subfamily protein;x;
MG_128_c;inorganic polyphosphate/ATP-NAD kinase, probable;x;
MG_129_c;Putative phosphotransferase enzyme glucose-specific IIB component;x;
MG_130_c;;x;
MG_131_c;hypothetical protein;x;
MG_132_c;purine nucleoside phosphoramidase;x;
MG_133_c;membrane protein, putative;x;
MG_134_c;;x;
MG_135_c;membrane protein, putative;x;
MG_136_c;lysyl-tRNA synthetase;x;
MG_137_c;UDP-galactopyranose mutase;x;
MG_138_c;Translation elongation factor 4;x;
MG_139_c;ribonuclease J;x;
MG_140_c;putative ATP-dependent helicase;x;
MG_141_c;transcription termination factor NusA;x;
MG_142_c;translation initiation factor IF-2;x;
MG_143_c;ribosome-binding factor A;x;
MG_144_c;;x;
MG_145_c;riboflavin biosynthesis protein RibF;x;
MG_146_c;UPF0053 protein;x;
MG_147_c;membrane protein, putative;x;
MG_148_c;;x;
MG_149_c;lipoprotein, putative;x;
MG_150_c;ribosomal protein S10;x;
MG_151_c;ribosomal protein L3;x;
MG_152_c;ribosomal protein L4/L1 family;x;
MG_153_c;ribosomal protein L23;x;
MG_154_c;ribosomal protein L2;x;
MG_155_c;ribosomal protein S19;x;
MG_156_c;ribosomal protein L22;x;
MG_157_c;ribosomal protein S3;x;
MG_158_c;ribosomal protein L16;x;
MG_159_c;ribosomal protein L29;x;
MG_160_c;ribosomal protein S17;x;
MG_161_c;ribosomal protein L14;x;
MG_162_c;ribosomal protein L24;x;
MG_163_c;ribosomal protein L5;x;
MG_164_c;ribosomal protein S14;x;
MG_165_c;ribosomal protein S8;x;
MG_166_c;ribosomal protein L6;x;
MG_167_c;ribosomal protein L18;x;
MG_168_c;ribosomal protein S5;x;
MG_169_c;ribosomal protein L15;x;
MG_170_c;preprotein translocase, SecY subunit;x;
MG_171_c;adenylate kinase;x;
MG_172_c;methionine aminopeptidase, type I;x;
MG_173_c;translation initiation factor IF-1;x;
MG_174_c;ribosomal protein L36;x;
MG_175_c;ribosomal protein S13;x;
MG_176_c;;x;
MG_177_c;DNA-directed RNA polymerase, alpha subunit;x;
MG_178_c;ribosomal protein L17;x;
MG_179_c;metal ion (cobalt) ABC transporter, ATP-binding protein, putative;x;
MG_180_c;metal ion (cobalt) ABC transporter, ATP-binding protein, putative;x;
MG_181_c;metal ion (cobalt) ABC transporter, permease protein;x;
MG_182_c;tRNA pseudouridine synthase A;x;
MG_183_c;oligoendopeptidase F;x;
MG_184_c;adenine-specific DNA modification methylase;x;
MG_185_c;lipoprotein, putative;x;
MG_186_c;Oligosaccharide or polyol ABC transporter, substrate binding protein;x;
MG_187_c;Oligosaccharide or polyol ABC transporter, ATP-binding protein;x;
MG_188_c;Oligosaccharide or polyol ABC transporter, permease protein;x;
MG_189_c;Oligosaccharide or polyol ABC transporter, permease protein;x;
MG_190_c;phosphoesterase;x;
MG_191_c;MgPa adhesin;x;
MG_192_c;P110 protein;x;
MG_194_c;phenylalanyl-tRNA synthetase, alpha subunit;x;
MG_195_c;phenylalanyl-tRNA synthetase, beta subunit;x;
MG_196_c;translation initiation factor IF-3;x;
MG_197_c;ribosomal protein L35;x;
MG_198_c;ribosomal protein L20;x;
MG_199_c;ribonuclease HIII, putative, frameshift;x;
MG_200_c;DnaJ domain protein;x;
MG_201_c;co-chaperone GrpE;x;
MG_202_c;;x;
MG_203_c;DNA topoisomerase IV, B subunit;x;
MG_204_c;DNA topoisomerase IV, A subunit;x;
MG_205_c;heat-inducible transcription repressor HrcA, putative;x;
MG_206_c;excinuclease ABC, C subunit;x;
MG_207_c;Ser/Thr protein phosphatase 2A;x;
MG_208_c;glycoprotease;x;
MG_209_c;23S rRNA pseudouridine synthase;x;
MG_210_c;prolipoprotein signal peptidase, signal peptidase II;x;
MG_211_c;;x;
MG_212_c;1-acyl-sn-glycerol-3-phosphate acyltransferase, putative;x;
MG_213_c;segregation and condensation protein A;x;
MG_214_c;segregation and condensation protein B;x;
MG_215_c;6-phosphofructokinase;x;
MG_216_c;pyruvate kinase;x;
MG_217_c;P65 adhesin;x;
MG_218_c;high molecular weight cytadherence accessory protein 2;x;
MG_219_c;;x;
MG_220_c;;x;
MG_221_c;mraZ protein;x;
MG_222_c;S-adenosyl-methyltransferase MraW;x;
MG_223_c;;x;
MG_224_c;cell division protein FtsZ;x;
MG_225_c;amino acid-polyamine-organocation (APC) permease;x;
MG_226_c;amino acid-polyamine-organocation (APC) permease;x;
MG_227_c;thymidylate synthase;x;
MG_228_c;dihydrofolate reductase;x;
MG_229_c;ribonucleoside-diphosphate reductase, beta chain;x;
MG_230_c;ribonucleotide reductase stimulatory protein;x;
MG_231_c;ribonucleoside-diphosphate reductase, alpha chain;x;
MG_232_c;ribosomal protein L21;x;
MG_233_c;;x;
MG_234_c;ribosomal protein L27;x;
MG_235_c;apurinic endonuclease;x;
MG_236_c;ferric uptake repressor;x;
MG_237_c;;x;
MG_238_c;trigger factor;x;
MG_239_c;ATP-dependent protease La;x;
MG_240_c;nicotinamide-nucleotide adenylyltransferase/conserved hypothetical protein;x;
MG_241_c;;x;
MG_242_c;;x;
MG_243_c;conserved hypothetical protein, authentic frameshift;x;
MG_244_c;3-5' helicase;x;
MG_245_c;5-formyltetrahydrofolate cyclo-ligase, putative;x;
MG_246_c;Ser/Thr protein phosphatase 2A;x;
MG_247_c;membrane protein, putative;x;
MG_248_c;;x;
MG_249_c;RNA polymerase sigma factor RpoD;x;
MG_250_c;DNA primase;x;
MG_251_c;glycyl-tRNA synthetase;x;
MG_252_c;23S rRNA methyltransferase;x;
MG_253_c;cysteinyl-tRNA synthetase;x;
MG_254_c;DNA ligase, NAD-dependent;x;
MG_255_c;;x;
MG_256_c;;x;
MG_257_c;ribosomal protein L31;x;
MG_258_c;peptide chain release factor 1;x;
MG_259_c;modification methylase;x;
MG_260_c;lipoprotein, putative;x;
MG_261_c;DNA polymerase III, alpha subunit;x;
MG_262_c;polI-like 5'-3' exonuclease, putative;x;
MG_263_c;Cof-like hydrolase;x;
MG_264_c;dephospho-CoA kinase;x;
MG_265_c;sugar phosphatase;x;
MG_266_c;leucyl-tRNA synthetase;x;
MG_267_c;;x;
MG_268_c;;x;
MG_269_c;;x;
MG_270_c;lipoyltransferase/lipoate-protein ligase, putative;x;
MG_271_c;dihydrolipoamide dehydrogenase;x;
MG_272_c;dihydrolipoamide acetyltransferase;x;
MG_273_c;pyruvate dehydrogenase component E1, beta subunit;x;
MG_274_c;pyruvate dehydrogenase component E1, alpha subunit;x;
MG_275_c;NADH oxidase;x;
MG_276_c;adenine phosphoribosyltransferase;x;
MG_277_c;Protein-export membrane protein secDF;x;
MG_278_c;GTP diphosphokinase;x;
MG_279_c;;x;
MG_280_c;sensory rhodopsin II transducer motif;x;
MG_281_c;;x;
MG_282_c;transcription elongation factor GreA;x;
MG_283_c;prolyl-tRNA synthetase;x;
MG_284_c;;x;
MG_285_c;;x;
MG_286_c;;x;
MG_287_c;acyl carrier protein;x;
MG_288_c;protein L;x;
MG_289_c;phosphonate ABC transporter, substrate binding protein (P37), putative;x;
MG_290_c;phosphonate ABC transporter, ATP-binding protein, putative;x;
MG_291_c;phosphonate ABC transporter, permease protein (P69), putative;x;
MG_292_c;alanyl-tRNA synthetase;x;
MG_293_c;glycerophosphoryl diester phosphodiesterase;x;
MG_294_c;major facilitator superfamily (MFS) protein;x;
MG_295_c;tRNA U34 sulfurtransferase;x;
MG_296_c;;x;
MG_297_c;signal recognition particle receptor;x;
MG_298_c;chromosome segregation protein SMC;x;
MG_299_c;phosphate acetyltransferase;x;
MG_300_c;phosphoglycerate kinase;x;
MG_301_c;glyceraldehyde-3-phosphate dehydrogenase, type I;x;
MG_302_c;metal ion (cobalt) ABC transporter, permease protein, putative;x;
MG_303_c;metal ion (cobalt) ABC transporter, ATP-binding protein, putative;x;
MG_304_c;metal ion (cobalt) ABC transporter, ATP-binding protein, putative;x;
MG_305_c;chaperone;x;
MG_306_c;membrane protein, putative;x;
MG_307_c;lipoprotein, putative;x;
MG_308_c;ATP-dependent RNA helicase;x;
MG_309_c;lipoprotein, putative;x;
MG_310_c;hydrolase, Putative esterase/lipase 1;x;
MG_311_c;ribosomal protein S4;x;
MG_312_c;high molecular weight cytadherence accessory protein 1;x;
MG_313_c;membrane protein, putative;x;
MG_314_c;;x;
MG_315_c;DNA polymerase III, delta subunit, putative;x;
MG_316_c;DNA internalization-related competence protein ComEC/Rec2;x;
MG_317_c;high molecular weight cytadherence accessory protein 3;x;
MG_318_c;P32 adhesin;x;
MG_319_c;;x;
MG_320_c;membrane protein, putative;x;
MG_321_c;oligopeptide ABC transporter, substrate binding protein;x;
MG_322_c;potassium uptake protein;x;
MG_323_c;potassium uptake protein;x;
MG_324_c;aminopeptidase;x;
MG_325_c;ribosomal protein L33;x;
MG_326_c;degV family protein;x;
MG_327_c;hydrolase, Putative esterase/lipase 2;x;
MG_328_c;coiled coil putative structural protein involved in cytoskeleton;x;
MG_329_c;GTP-binding protein engA;x;
MG_330_c;cytidylate kinase;x;
MG_331_c;;x;
MG_332_c;;x;
MG_333_c;FMN-dependent NADH-azoreductase, putative;x;
MG_334_c;valyl-tRNA synthetase;x;
MG_335_c;GTP-binding protein engB, putative;x;
MG_336_c;cysteine desulfurase;x;
MG_337_c;;x;
MG_338_c;lipoprotein, putative;x;
MG_339_c;recombination protein, strand exchange;x;
MG_340_c;DNA-directed RNA polymerase, beta subunit;x;
MG_341_c;DNA-directed RNA polymerase, beta subunit;x;
MG_342_c;NADPH-dependent FMN reductase domain protein;x;
MG_343_c;;x;
MG_344_c;hydrolase, Putative esterase/lipase 3;x;
MG_345_c;isoleucyl-tRNA synthetase;x;
MG_346_c;23S rRNA methyltransferase;x;
MG_347_c;tRNA (guanine-N(7)-)-methyltransferase;x;
MG_348_c;lipoprotein, putative;x;
MG_349_c;Replication initiation/membrane attachment protein;x;
MG_350_c;;x;
MG_351_c;inorganic pyrophosphatase;x;
MG_352_c;Holliday junction endonuclease;x;
MG_353_c;DNA-binding protein HU, putative;x;
MG_354_c;;x;
MG_355_c;ATP-dependent Clp protease, ATPase subunit;x;
MG_356_c;choline/ethanolamine kinase, putative;x;
MG_357_c;acetate kinase;x;
MG_358_c;Holliday junction DNA helicase;x;
MG_359_c;Holliday junction DNA helicase RuvB;x;
MG_360_c;ImpB/MucB/SamB family protein;x;
MG_361_c;ribosomal protein L10;x;
MG_362_c;ribosomal protein L7/L12;x;
MG_363_c;ribosomal protein L32;x;
MG_364_c;Replication initiation/membrane attachment protein;x;
MG_365_c;methionyl-tRNA formyltransferase;x;
MG_366_c;;x;
MG_367_c;ribonuclease III;x;
MG_368_c;fatty acid/phospholipid synthesis protein PlsX;x;
MG_369_c;DAK2 phosphatase domain protein;x;
MG_370_c;23S rRNA pseudouridine synthase;x;
MG_371_c;DHH family protein;x;
MG_372_c;thiamine biosynthesis/tRNA modification protein ThiI;x;
MG_373_c;;x;
MG_374_c;;x;
MG_375_c;threonyl-tRNA synthetase;x;
MG_376_c;;x;
MG_377_c;;x;
MG_378_c;arginyl-tRNA synthetase;x;
MG_379_c;tRNA uridine 5-carboxymethylaminomethyl modification enzyme GidA;x;
MG_380_c;methyltransferase GidB;x;
MG_381_c;;x;
MG_382_c;uridine kinase;x;
MG_383_c;NH(3)-dependent NAD+ synthetase, putative;x;
MG_384_c;GTPase1 Obg;x;
MG_385_c;glycerophosphoryl diester phosphodiesterase family protein;x;
MG_386_c;P200 protein;x;
MG_387_c;GTP-binding protein Era;x;
MG_388_c;Putative metalloprotease;x;
MG_389_c;;x;
MG_390_c;toxin ABC transporter, ATP-binding/permease protein;x;
MG_391_c;cytosol aminopeptidase;x;
MG_392_c;chaperonin;x;
MG_393_c;chaperonin, 10 kDa;x;
MG_394_c;serine hydroxymethyltransferase;x;
MG_395_c;lipoprotein, putative;x;
MG_396_c;ribose 5-phosphate isomerase B;x;
MG_397_c;;x;
MG_398_c;ATP synthase F1, epsilon subunit;x;
MG_399_c;ATP synthase F1, beta subunit;x;
MG_400_c;ATP synthase F1, gamma subunit;x;
MG_401_c;ATP synthase F1, alpha subunit;x;
MG_402_c;ATP synthase F1, delta subunit;x;
MG_403_c;ATP synthase F0, B subunit;x;
MG_404_c;ATP synthase F0, C subunit;x;
MG_405_c;ATP synthase F0, A subunit;x;
MG_406_c;;x;
MG_407_c;enolase;x;
MG_408_c;methionine-S-sulfoxide reductase;x;
MG_409_c;phosphate transport system regulatory protein PhoU, putative;x;
MG_410_c;phosphate ABC transporter, ATP-binding protein;x;
MG_411_c;phosphate ABC transporter, permease protein PstA;x;
MG_412_c;phosphate ABC transporter, substrate-binding protein;x;
MG_414_c;;x;
MG_417_c;ribosomal protein S9;x;
MG_418_c;ribosomal protein L13;x;
MG_419_c;DNA polymerase III, subunit gamma and tau;x;
MG_421_c;excinuclease ABC, A subunit;x;
MG_422_c;;x;
MG_423_c;metallo-beta-lactamase superfamily protein;x;
MG_424_c;ribosomal protein S15;x;
MG_425_c;ATP-dependent RNA helicase;x;
MG_426_c;ribosomal protein L28;x;
MG_427_c;osmotically inducible peroxidase;x;
MG_428_c;LuxR bacterial regulatory protein, putative;x;
MG_429_c;PTS system, E1;x;
MG_430_c;2,3-bisphosphoglycerate-independent phosphoglycerate mutase;x;
MG_431_c;triosephosphate isomerase;x;
MG_432_c;membrane protein, putative;x;
MG_433_c;translation elongation factor Ts;x;
MG_434_c;uridylate kinase;x;
MG_435_c;ribosome recycling factor;x;
MG_437_c;phosphatidate cytidylyltransferase;x;
MG_438_c;type I restriction modification DNA specificity domain protein;x;
MG_439_c;lipoprotein, putative;x;
MG_440_c;lipoprotein, putative;x;
MG_441_c;;x;
MG_442_c;ribosomal biogenesis GTPase;x;
MG_443_c;membrane protein, putative;x;
MG_444_c;ribosomal protein L19;x;
MG_445_c;tRNA (guanine-N1)-methyltransferase;x;
MG_446_c;ribosomal protein S16;x;
MG_447_c;multidrug efflux pump;x;
MG_448_c;methionine-R-sulfoxide reductase;x;
MG_449_c;conserved hypothetical protein, authentic frameshift;x;
MG_450_c;degV family protein;x;
MG_451_c;translation elongation factor Tu;x;
MG_452_c;membrane protein, putative;x;
MG_453_c;UTP-glucose-1-phosphate uridylyltransferase;x;
MG_454_c;thiol-dependent peroxidase;x;
MG_455_c;tyrosyl-tRNA synthetase;x;
MG_456_c;;x;
MG_457_c;ATP-dependent metalloprotease FtsH;x;
MG_458_c;hypoxanthine phosphoribosyltransferase;x;
MG_459_c;putative 2-C-methyl-D-erythritol-2,4-cyclodiphosphate synthase;x;
MG_460_c;L-lactate dehydrogenase/malate dehydrogenase;x;
MG_461_c;HD domain protein;x;
MG_462_c;glutamyl-tRNA synthetase;x;
MG_463_c;dimethyladenosine transferase;x;
MG_464_c;inner-membrane protein insertion factor;x;
MG_465_c;ribonuclease P protein component;x;
MG_466_c;ribosomal protein L34;x;
MG_467_c;salivaricin A ABC transporter, ATP-binding protein;x;
MG_468_c;salivaricin A ABC transporter, permease protein;x;
MG_469_c;chromosomal replication initiator protein DnaA;x;
MG_470_c;CobQ/CobB/MinD/ParA nucleotide binding domain;x;
MG_473_c;ribosomal protein L33 type 2;x;
MG_474_c;;x;
MG_476_c;preprotein translocase, SecG subunit;x;
MG_477_c;;x;
MG_478_c;;x;
MG_480_c;;x;
MG_481_c;30S ribosomal protein S21;x;
MG_482_c;holo-(acyl-carrier-protein) synthase;x;
MG_491_c;;x;
MG_494_c;;x;
MG_498_c;formamidopyrimidine-DNA glycosylase;x;
MG_505_c;putative holliday junction resolvase;x;
MG_515_c;;x;
MG_516_c;;x;
MG_517_c;glycosyl transferase, group 2 family protein;x;
MG_521_c;membrane protein, putative;x;
MG_522_c;ribosomal protein S20;x;
MG_524_c;;x;
MG_525_c;;x;
MG_526_c;salivaricin A ABC transporter, ATP-binding protein;x;
MG471_c;tRNA (ALA);x;
MG472_c;tRNA (ILE);x;
MG475_c;tRNA (SER);x;
MG479_c;tRNA (THR);x;
MG483_c;tRNA (CYS);x;
MG484_c;tRNA (PRO);x;
MG485_c;tRNA (MET);x;
MG486_c;tRNA (ILE);x;
MG487_c;tRNA (SER);x;
MG488_c;tRNA (FMET);x;
MG489_c;tRNA (ASP);x;
MG490_c;tRNA (PHE);x;
MG492_c;tRNA (ARG);x;
MG493_c;tRNA (GLY);x;
MG495_c;tRNA (ARG);x;
MG496_c;tRNA (TRP);x;
MG497_c;tRNA (ARG);x;
MG499_c;tRNA (GLY);x;
MG500_c;tRNA (LEU);x;
MG501_c;tRNA (LYS);x;
MG502_c;tRNA (GLN);x;
MG503_c;tRNA (TYR);x;
MG504_c;tRNA (TRP);x;
MG506_c;tRNA (SER);x;
MG507_c;tRNA (SER);x;
MG508_c;tRNA (LEU);x;
MG509_c;tRNA (LYS);x;
MG510_c;tRNA (THR);x;
MG511_c;tRNA (VAL);x;
MG512_c;tRNA (THR);x;
MG513_c;tRNA (GLU);x;
MG514_c;tRNA (ASN);x;
MG518_c;tRNA (HIS);x;
MG519_c;tRNA (LEU);x;
MG520_c;tRNA (LEU);x;
MG523_c;tRNA (ARG);x;
MGrrnA16S_c;16S ribosomal rRNA;x;
MGrrnA23S_c;23S ribosomal rRNA;x;
MGrrnA5S_c;5S ribosomal rRNA;x;
