RNAs (525),Description,read only,Read and write,write only
MG_0001,"scRNA, signal recognition particle 4.5S RNA, MCS1",,,
MG_0002,MG170 RNA,,,
MG_0003,"Rnase P RNA, MCS5, M1 RNA",,,
MG_0004,"transfer-messenger RNA, tmRNA, MCS6, 10Sa RNA",,,
MG_001,"DNA polymerase III, beta subunit",,,
MG_002,DnaJ domain protein,,,
MG_003,"DNA gyrase, B subunit",,,
MG_004,"DNA gyrase, A subunit",,,
MG_005,seryl-tRNA synthetase,,,
MG_006,thymidylate kinase,,,
MG_007,"DNA polymerase III delta prime subunit, putative",,,
MG_008,tRNA modification GTPase TrmE,,,
MG_009,deoxyribonuclease,,,
MG_010,DNA primase-related protein,,,
MG_011,,,,
MG_012,alpha-L-glutamate ligase,,,
MG_013,methylenetetrahydrofolate dehydrogenase/methylenetetrahydrofolate cyclohydrolase,,,
MG_014,"multidrug ABC transporter, ATP-binding/permease protein",,,
MG_015,"multidrug ABC transporter, ATP-binding/permease protein",,,
MG_018,SNF2 family helicase putative,,,
MG_019,chaperone protein DnaJ,,,
MG_020,proline iminopeptidase,,,
MG_021,methionyl-tRNA synthetase,,,
MG_022,"DNA-directed RNA polymerase, delta subunit",,,
MG_023,"fructose-1,6-bisphosphate aldolase, class II",,,
MG_024,GTP-binding protein YchF,,,
MG_025,Beta-glycosyl transferase,,,
MG_026,translation elongation factor P,,,
MG_027,transcription termination/antitermination protein NusB,,,
MG_028,,,,
MG_029,DJ-1/PfpI family protein,,,
MG_030,uracil phosphoribosyltransferase,,,
MG_031,"DNA polymerase III, alpha subunit, Gram-positive type",,,
MG_032,,,,
MG_033,glycerol uptake facilitator,,,
MG_034,thymidine kinase,,,
MG_035,histidyl-tRNA synthetase,,,
MG_036,aspartyl-tRNA synthetase,,,
MG_037,nicotinate phosphoribosyltransferase,,,
MG_038,glycerol kinase,,,
MG_039,"FAD-dependent glycerol-3-phosphate dehydrogenase, putative",,,
MG_040,"Monosaccharide (riboside/galactoside) ABC transporter, substrate binding protein",,,
MG_041,"PTS system, HPr",,,
MG_042,"spermidine/putrescine (polyamine) ABC transporter, ATP-binding protein, putative",,,
MG_043,"spermidine/putrescine (polyamine) ABC transporter, permease protein, putative",,,
MG_044,"spermidine/putrescine (polyamine) ABC transporter, permease protein, putative",,,
MG_045,"spermidine/putrescine (polyamine) ABC transporter, spermidine/putrescine binding protein, putative",,,
MG_046,metalloendopeptidase,,,
MG_047,S-adenosylmethionine synthetase,,,
MG_048,signal recognition particle protein,,,
MG_049,purine nucleoside phosphorylase,,,
MG_050,deoxyribose-phosphate aldolase,,,
MG_051,pyrimidine-nucleoside phosphorylase,,,
MG_052,cytidine deaminase,,,
MG_053,"phosphoglucomutase/phosphomannomutase, putative",,,
MG_054,"transcription antitermination protein NusG, putative",,,
MG_055,"preprotein translocase, SecE subunit",,,
MG_056,tetrapyrrole (corrin/porphyrin) methylase protein,,,
MG_057,small primase-like protein,,,
MG_058,ribose-phosphate pyrophosphokinase,,,
MG_059,SsrA-binding protein,,,
MG_060,glycosyl transferase,,,
MG_061,Mycoplasma MFS transporter,,,
MG_062,"PTS system, fructose-specific IIABC component",,,
MG_063,"1-phosphofructokinase, putative",,,
MG_064,"ABC transporter, permease protein, putative",,,
MG_065,"ABC transporter, ATP-binding protein",,,
MG_066,transketolase,,,
MG_067,"lipoprotein, putative",,,
MG_068,"lipoprotein, putative",,,
MG_069,"PTS system, glucose-specific IIABC component",,,
MG_070,ribosomal protein S2,,,
MG_071,"ATPase, P-type (transporting), HAD superfamily, subfamily IC",,,
MG_072,"preprotein translocase, SecA subunit",,,
MG_073,"excinuclease ABC, B subunit",,,
MG_074,,,,
MG_075,116 kDa surface antigen,,,
MG_076,,,,
MG_077,"oligopeptide ABC transporter, permease protein",,,
MG_078,"oligopeptide ABC transporter, permease protein",,,
MG_079,"oligopeptide ABC transporter, ATP-binding protein",,,
MG_080,"oligopeptide ABC transporter, ATP-binding protein",,,
MG_081,ribosomal protein L11,,,
MG_082,ribosomal protein L1,,,
MG_083,peptidyl-tRNA hydrolase,,,
MG_084,tRNA(Ile)-lysidine synthetase,,,
MG_085,HPr(Ser) kinase/phosphatase,,,
MG_086,prolipoprotein diacylglyceryl transferase,,,
MG_087,ribosomal protein S12,,,
MG_088,ribosomal protein S7,,,
MG_089,translation elongation factor G,,,
MG_090,ribosomal protein S6,,,
MG_091,single-strand binding protein family,,,
MG_092,ribosomal protein S18,,,
MG_093,ribosomal protein L9,,,
MG_094,replicative DNA helicase,,,
MG_095,"lipoprotein, putative",,,
MG_096,,,,
MG_097,"uracil-DNA glycosylase, putative",,,
MG_098,"glutamyl-tRNA(Gln) and/or aspartyl-tRNA(Asn) amidotransferase, C subunit",,,
MG_099,"glutamyl-tRNA(Gln) and/or aspartyl-tRNA(Asn) amidotransferase, A subunit",,,
MG_100,"glutamyl-tRNA(Gln) and/or aspartyl-tRNA(Asn) amidotransferase, B subunit",,,
MG_101,Uncharacterized HTH-type transcriptional regulator,,,
MG_102,thioredoxin-disulfide reductase,,,
MG_103,,,,
MG_104,ribonuclease R,,,
MG_105,putative DNA integrity scanning protein,,,
MG_106,peptide deformylase,,,
MG_107,guanylate kinase,,,
MG_108,"Ser/Thr protein phosphatase 2C, putative",,,
MG_109,"serine/threonine protein kinase, putative",,,
MG_110,ribosome small subunit-dependent GTPase A,,,
MG_111,glucose-6-phosphate isomerase,,,
MG_112,ribulose-phosphate 3-epimerase,,,
MG_113,asparaginyl-tRNA synthetase,,,
MG_114,CDP-diacylglycerol--glycerol-3-phosphate 3-phosphatidyltransferase,,,
MG_115,competence/damage-inducible protein CinA domain protein,,,
MG_116,,,,
MG_117,,,,
MG_118,UDP-glucose 4-epimerase,,,
MG_119,"Monosaccharide (riboside/galactoside) ABC transporter, ATP-binding protein",,,
MG_120,"Monosaccharide (riboside/galactoside) ABC transporter, permease protein",,,
MG_121,"Monosaccharide (riboside/galactoside) ABC transporter, permease protein",,,
MG_122,DNA topoisomerase I,,,
MG_123,arginine deaminasse,,,
MG_124,thioredoxin,,,
MG_125,"Cof-like hydrolase, putative",,,
MG_126,tryptophanyl-tRNA synthetase,,,
MG_127,Spx subfamily protein,,,
MG_128,"inorganic polyphosphate/ATP-NAD kinase, probable",,,
MG_129,Putative phosphotransferase enzyme glucose-specific IIB component,,,
MG_130,,,,
MG_131,hypothetical protein,,,
MG_132,purine nucleoside phosphoramidase,,,
MG_133,"membrane protein, putative",,,
MG_134,,,,
MG_135,"membrane protein, putative",,,
MG_136,lysyl-tRNA synthetase,,,
MG_137,UDP-galactopyranose mutase,,,
MG_138,Translation elongation factor 4,,,
MG_139,ribonuclease J,,,
MG_140,putative ATP-dependent helicase,,,
MG_141,transcription termination factor NusA,,,
MG_142,translation initiation factor IF-2,,,
MG_143,ribosome-binding factor A,,,
MG_144,,,,
MG_145,riboflavin biosynthesis protein RibF,,,
MG_146,UPF0053 protein,,,
MG_147,"membrane protein, putative",,,
MG_148,,,,
MG_149,"lipoprotein, putative",,,
MG_150,ribosomal protein S10,,,
MG_151,ribosomal protein L3,,,
MG_152,ribosomal protein L4/L1 family,,,
MG_153,ribosomal protein L23,,,
MG_154,ribosomal protein L2,,,
MG_155,ribosomal protein S19,,,
MG_156,ribosomal protein L22,,,
MG_157,ribosomal protein S3,,,
MG_158,ribosomal protein L16,,,
MG_159,ribosomal protein L29,,,
MG_160,ribosomal protein S17,,,
MG_161,ribosomal protein L14,,,
MG_162,ribosomal protein L24,,,
MG_163,ribosomal protein L5,,,
MG_164,ribosomal protein S14,,,
MG_165,ribosomal protein S8,,,
MG_166,ribosomal protein L6,,,
MG_167,ribosomal protein L18,,,
MG_168,ribosomal protein S5,,,
MG_169,ribosomal protein L15,,,
MG_170,"preprotein translocase, SecY subunit",,,
MG_171,adenylate kinase,,,
MG_172,"methionine aminopeptidase, type I",,,
MG_173,translation initiation factor IF-1,,,
MG_174,ribosomal protein L36,,,
MG_175,ribosomal protein S13,,,
MG_176,,,,
MG_177,"DNA-directed RNA polymerase, alpha subunit",,,
MG_178,ribosomal protein L17,,,
MG_179,"metal ion (cobalt) ABC transporter, ATP-binding protein, putative",,,
MG_180,"metal ion (cobalt) ABC transporter, ATP-binding protein, putative",,,
MG_181,"metal ion (cobalt) ABC transporter, permease protein",,,
MG_182,tRNA pseudouridine synthase A,,,
MG_183,oligoendopeptidase F,,,
MG_184,adenine-specific DNA modification methylase,,,
MG_185,"lipoprotein, putative",,,
MG_186,"Oligosaccharide or polyol ABC transporter, substrate binding protein",,,
MG_187,"Oligosaccharide or polyol ABC transporter, ATP-binding protein",,,
MG_188,"Oligosaccharide or polyol ABC transporter, permease protein",,,
MG_189,"Oligosaccharide or polyol ABC transporter, permease protein",,,
MG_190,phosphoesterase,,,
MG_191,MgPa adhesin,,,
MG_192,P110 protein,,,
MG_194,"phenylalanyl-tRNA synthetase, alpha subunit",,,
MG_195,"phenylalanyl-tRNA synthetase, beta subunit",,,
MG_196,translation initiation factor IF-3,,,
MG_197,ribosomal protein L35,,,
MG_198,ribosomal protein L20,,,
MG_199,"ribonuclease HIII, putative, frameshift",,,
MG_200,DnaJ domain protein,,,
MG_201,co-chaperone GrpE,,,
MG_202,,,,
MG_203,"DNA topoisomerase IV, B subunit",,,
MG_204,"DNA topoisomerase IV, A subunit",,,
MG_205,"heat-inducible transcription repressor HrcA, putative",,,
MG_206,"excinuclease ABC, C subunit",,,
MG_207,Ser/Thr protein phosphatase 2A,,,
MG_208,glycoprotease,,,
MG_209,"23S rRNA pseudouridine synthase; U955, U2504, U2580",,,
MG_210,"prolipoprotein signal peptidase, signal peptidase II",,,
MG_211,,,,
MG_212,"1-acyl-sn-glycerol-3-phosphate acyltransferase, putative",,,
MG_213,segregation and condensation protein A,,,
MG_214,segregation and condensation protein B,,,
MG_215,6-phosphofructokinase,,,
MG_216,pyruvate kinase,,,
MG_217,P65 adhesin,,,
MG_218,high molecular weight cytadherence accessory protein 2,,,
MG_219,,,,
MG_220,,,,
MG_221,mraZ protein,,,
MG_222,S-adenosyl-methyltransferase MraW,,,
MG_223,,,,
MG_224,cell division protein FtsZ,,,
MG_225,amino acid-polyamine-organocation (APC) permease,,,
MG_226,amino acid-polyamine-organocation (APC) permease,,,
MG_227,thymidylate synthase,,,
MG_228,dihydrofolate reductase,,,
MG_229,"ribonucleoside-diphosphate reductase, beta chain",,,
MG_230,ribonucleotide reductase stimulatory protein,,,
MG_231,"ribonucleoside-diphosphate reductase, alpha chain",,,
MG_232,ribosomal protein L21,,,
MG_233,,,,
MG_234,ribosomal protein L27,,,
MG_235,apurinic endonuclease,,,
MG_236,ferric uptake repressor,,,
MG_237,,,,
MG_238,trigger factor,,,
MG_239,ATP-dependent protease La,,,
MG_240,nicotinamide-nucleotide adenylyltransferase/conserved hypothetical protein,,,
MG_241,,,,
MG_242,,,,
MG_243,"conserved hypothetical protein, authentic frameshift",,,
MG_244,3-5' helicase,,,
MG_245,"5-formyltetrahydrofolate cyclo-ligase, putative",,,
MG_246,Ser/Thr protein phosphatase 2A,,,
MG_247,"membrane protein, putative",,,
MG_248,,,,
MG_249,RNA polymerase sigma factor RpoD,,,
MG_250,DNA primase,,,
MG_251,glycyl-tRNA synthetase,,,
MG_252,23S rRNA methyltransferase; G2251,,,
MG_253,cysteinyl-tRNA synthetase,,,
MG_254,"DNA ligase, NAD-dependent",,,
MG_255,,,,
MG_256,,,,
MG_257,ribosomal protein L31,,,
MG_258,peptide chain release factor 1,,,
MG_259,modification methylase,,,
MG_260,"lipoprotein, putative",,,
MG_261,"DNA polymerase III, alpha subunit",,,
MG_262,"polI-like 5'-3' exonuclease, putative",,,
MG_263,Cof-like hydrolase,,,
MG_264,dephospho-CoA kinase,,,
MG_265,sugar phosphatase,,,
MG_266,leucyl-tRNA synthetase,,,
MG_267,,,,
MG_268,,,,
MG_269,,,,
MG_270,"lipoyltransferase/lipoate-protein ligase, putative",,,
MG_271,dihydrolipoamide dehydrogenase,,,
MG_272,dihydrolipoamide acetyltransferase,,,
MG_273,"pyruvate dehydrogenase component E1, beta subunit",,,
MG_274,"pyruvate dehydrogenase component E1, alpha subunit",,,
MG_275,NADH oxidase,,,
MG_276,adenine phosphoribosyltransferase,,,
MG_277,Protein-export membrane protein secDF,,,
MG_278,GTP diphosphokinase,,,
MG_279,,,,
MG_280,sensory rhodopsin II transducer motif,,,
MG_281,,,,
MG_282,transcription elongation factor GreA,,,
MG_283,prolyl-tRNA synthetase,,,
MG_284,,,,
MG_285,,,,
MG_286,,,,
MG_287,acyl carrier protein,,,
MG_288,protein L,,,
MG_289,"phosphonate ABC transporter, substrate binding protein (P37), putative",,,
MG_290,"phosphonate ABC transporter, ATP-binding protein, putative",,,
MG_291,"phosphonate ABC transporter, permease protein (P69), putative",,,
MG_292,alanyl-tRNA synthetase,,,
MG_293,glycerophosphoryl diester phosphodiesterase,,,
MG_294,major facilitator superfamily (MFS) protein,,,
MG_295,tRNA U34 sulfurtransferase,,,
MG_296,,,,
MG_297,signal recognition particle receptor,,,
MG_298,chromosome segregation protein SMC,,,
MG_299,phosphate acetyltransferase,,,
MG_300,phosphoglycerate kinase,,,
MG_301,"glyceraldehyde-3-phosphate dehydrogenase, type I",,,
MG_302,"metal ion (cobalt) ABC transporter, permease protein, putative",,,
MG_303,"metal ion (cobalt) ABC transporter, ATP-binding protein, putative",,,
MG_304,"metal ion (cobalt) ABC transporter, ATP-binding protein, putative",,,
MG_305,chaperone,,,
MG_306,"membrane protein, putative",,,
MG_307,"lipoprotein, putative",,,
MG_308,ATP-dependent RNA helicase,,,
MG_309,"lipoprotein, putative",,,
MG_310,"hydrolase, Putative esterase/lipase 1",,,
MG_311,ribosomal protein S4,,,
MG_312,high molecular weight cytadherence accessory protein 1,,,
MG_313,"membrane protein, putative",,,
MG_314,,,,
MG_315,"DNA polymerase III, delta subunit, putative",,,
MG_316,DNA internalization-related competence protein ComEC/Rec2,,,
MG_317,high molecular weight cytadherence accessory protein 3,,,
MG_318,P32 adhesin,,,
MG_319,,,,
MG_320,"membrane protein, putative",,,
MG_321,"oligopeptide ABC transporter, substrate binding protein",,,
MG_322,potassium uptake protein,,,
MG_323,potassium uptake protein,,,
MG_324,aminopeptidase,,,
MG_325,ribosomal protein L33,,,
MG_326,degV family protein,,,
MG_327,"hydrolase, Putative esterase/lipase 2",,,
MG_328,coiled coil putative structural protein involved in cytoskeleton,,,
MG_329,GTP-binding protein engA,,,
MG_330,cytidylate kinase,,,
MG_331,,,,
MG_332,,,,
MG_333,"FMN-dependent NADH-azoreductase, putative",,,
MG_334,valyl-tRNA synthetase,,,
MG_335,"GTP-binding protein engB, putative",,,
MG_336,cysteine desulfurase,,,
MG_337,,,,
MG_338,"lipoprotein, putative",,,
MG_339,"recombination protein, strand exchange",,,
MG_340,"DNA-directed RNA polymerase, beta subunit",,,
MG_341,"DNA-directed RNA polymerase, beta subunit",,,
MG_342,NADPH-dependent FMN reductase domain protein,,,
MG_343,,,,
MG_344,"hydrolase, Putative esterase/lipase 3",,,
MG_345,isoleucyl-tRNA synthetase,,,
MG_346,23S rRNA methyltransferase; U2552,,,
MG_347,tRNA (guanine-N(7)-)-methyltransferase,,,
MG_348,"lipoprotein, putative",,,
MG_349,Replication initiation/membrane attachment protein,,,
MG_350,,,,
MG_351,inorganic pyrophosphatase,,,
MG_352,Holliday junction endonuclease,,,
MG_353,"DNA-binding protein HU, putative",,,
MG_354,,,,
MG_355,"ATP-dependent Clp protease, ATPase subunit",,,
MG_356,"choline/ethanolamine kinase, putative",,,
MG_357,acetate kinase,,,
MG_358,Holliday junction DNA helicase,,,
MG_359,Holliday junction DNA helicase RuvB,,,
MG_360,ImpB/MucB/SamB family protein,,,
MG_361,ribosomal protein L10,,,
MG_362,ribosomal protein L7/L12,,,
MG_363,ribosomal protein L32,,,
MG_364,Replication initiation/membrane attachment protein,,,
MG_365,methionyl-tRNA formyltransferase,,,
MG_366,,,,
MG_367,ribonuclease III,,,
MG_368,fatty acid/phospholipid synthesis protein PlsX,,,
MG_369,DAK2 phosphatase domain protein,,,
MG_370,"23S rRNA pseudouridine synthase; U1911, U1915, U1917",,,
MG_371,DHH family protein,,,
MG_372,thiamine biosynthesis/tRNA modification protein ThiI,,,
MG_373,,,,
MG_374,,,,
MG_375,threonyl-tRNA synthetase,,,
MG_376,,,,
MG_377,,,,
MG_378,arginyl-tRNA synthetase,,,
MG_379,tRNA uridine 5-carboxymethylaminomethyl modification enzyme GidA,,,
MG_380,methyltransferase GidB,,,
MG_381,,,,
MG_382,uridine kinase,,,
MG_383,"NH(3)-dependent NAD+ synthetase, putative",,,
MG_384,GTPase1 Obg,,,
MG_385,glycerophosphoryl diester phosphodiesterase family protein,,,
MG_386,P200 protein,,,
MG_387,GTP-binding protein Era,,,
MG_388,Putative metalloprotease,,,
MG_389,,,,
MG_390,"toxin ABC transporter, ATP-binding/permease protein",,,
MG_391,cytosol aminopeptidase,,,
MG_392,chaperonin,,,
MG_393,"chaperonin, 10 kDa",,,
MG_394,serine hydroxymethyltransferase,,,
MG_395,"lipoprotein, putative",,,
MG_396,ribose 5-phosphate isomerase B,,,
MG_397,,,,
MG_398,"ATP synthase F1, epsilon subunit",,,
MG_399,"ATP synthase F1, beta subunit",,,
MG_400,"ATP synthase F1, gamma subunit",,,
MG_401,"ATP synthase F1, alpha subunit",,,
MG_402,"ATP synthase F1, delta subunit",,,
MG_403,"ATP synthase F0, B subunit",,,
MG_404,"ATP synthase F0, C subunit",,,
MG_405,"ATP synthase F0, A subunit",,,
MG_406,,,,
MG_407,enolase,,,
MG_408,methionine-S-sulfoxide reductase,,,
MG_409,"phosphate transport system regulatory protein PhoU, putative",,,
MG_410,"phosphate ABC transporter, ATP-binding protein",,,
MG_411,"phosphate ABC transporter, permease protein PstA",,,
MG_412,"phosphate ABC transporter, substrate-binding protein",,,
MG_414,,,,
MG_417,ribosomal protein S9,,,
MG_418,ribosomal protein L13,,,
MG_419,"DNA polymerase III, subunit gamma and tau",,,
MG_421,"excinuclease ABC, A subunit",,,
MG_422,,,,
MG_423,metallo-beta-lactamase superfamily protein,,,
MG_424,ribosomal protein S15,,,
MG_425,ATP-dependent RNA helicase,,,
MG_426,ribosomal protein L28,,,
MG_427,osmotically inducible peroxidase,,,
MG_428,"LuxR bacterial regulatory protein, putative",,,
MG_429,"PTS system, E1",,,
MG_430,"2,3-bisphosphoglycerate-independent phosphoglycerate mutase",,,
MG_431,triosephosphate isomerase,,,
MG_432,"membrane protein, putative",,,
MG_433,translation elongation factor Ts,,,
MG_434,uridylate kinase,,,
MG_435,ribosome recycling factor,,,
MG_437,phosphatidate cytidylyltransferase,,,
MG_438,type I restriction modification DNA specificity domain protein,,,
MG_439,"lipoprotein, putative",,,
MG_440,"lipoprotein, putative",,,
MG_441,,,,
MG_442,ribosomal biogenesis GTPase,,,
MG_443,"membrane protein, putative",,,
MG_444,ribosomal protein L19,,,
MG_445,tRNA (guanine-N1)-methyltransferase,,,
MG_446,ribosomal protein S16,,,
MG_447,multidrug efflux pump,,,
MG_448,methionine-R-sulfoxide reductase,,,
MG_449,"conserved hypothetical protein, authentic frameshift",,,
MG_450,degV family protein,,,
MG_451,translation elongation factor Tu,,,
MG_452,"membrane protein, putative",,,
MG_453,UTP-glucose-1-phosphate uridylyltransferase,,,
MG_454,thiol-dependent peroxidase,,,
MG_455,tyrosyl-tRNA synthetase,,,
MG_456,,,,
MG_457,ATP-dependent metalloprotease FtsH,,,
MG_458,hypoxanthine phosphoribosyltransferase,,,
MG_459,"putative 2-C-methyl-D-erythritol-2,4-cyclodiphosphate synthase",,,
MG_460,L-lactate dehydrogenase/malate dehydrogenase,,,
MG_461,HD domain protein,,,
MG_462,glutamyl-tRNA synthetase,,,
MG_463,dimethyladenosine transferase,,,
MG_464,inner-membrane protein insertion factor,,,
MG_465,ribonuclease P protein component,,,
MG_466,ribosomal protein L34,,,
MG_467,"salivaricin A ABC transporter, ATP-binding protein",,,
MG_468,"salivaricin A ABC transporter, permease protein",,,
MG_469,chromosomal replication initiator protein DnaA,,,
MG_470,CobQ/CobB/MinD/ParA nucleotide binding domain,,,
MG_473,ribosomal protein L33 type 2,,,
MG_474,,,,
MG_476,"preprotein translocase, SecG subunit",,,
MG_477,,,,
MG_478,,,,
MG_480,,,,
MG_481,30S ribosomal protein S21,,,
MG_482,holo-(acyl-carrier-protein) synthase,,,
MG_491,,,,
MG_494,,,,
MG_498,formamidopyrimidine-DNA glycosylase,,,
MG_505,putative holliday junction resolvase,,,
MG_515,,,,
MG_516,,,,
MG_517,"glycosyl transferase, group 2 family protein",,,
MG_521,"membrane protein, putative",,,
MG_522,ribosomal protein S20,,,
MG_524,,,,
MG_525,,,,
MG_526,"salivaricin A ABC transporter, ATP-binding protein",,,
MG471,tRNA (ALA),,,
MG472,tRNA (ILE),,,
MG475,tRNA (SER),,,
MG479,tRNA (THR),,,
MG483,tRNA (CYS),,,
MG484,tRNA (PRO),,,
MG485,tRNA (MET),,,
MG486,tRNA (ILE),,,
MG487,tRNA (SER),,,
MG488,tRNA (FMET),,,
MG489,tRNA (ASP),,,
MG490,tRNA (PHE),,,
MG492,tRNA (ARG),,,
MG493,tRNA (GLY),,,
MG495,tRNA (ARG),,,
MG496,tRNA (TRP),,,
MG497,tRNA (ARG),,,
MG499,tRNA (GLY),,,
MG500,tRNA (LEU),,,
MG501,tRNA (LYS),,,
MG502,tRNA (GLN),,,
MG503,tRNA (TYR),,,
MG504,tRNA (TRP),,,
MG506,tRNA (SER),,,
MG507,tRNA (SER),,,
MG508,tRNA (LEU),,,
MG509,tRNA (LYS),,,
MG510,tRNA (THR),,,
MG511,tRNA (VAL),,,
MG512,tRNA (THR),,,
MG513,tRNA (GLU),,,
MG514,tRNA (ASN),,,
MG518,tRNA (HIS),,,
MG519,tRNA (LEU),,,
MG520,tRNA (LEU),,,
MG523,tRNA (ARG),,,
MGrrnA16S,16S ribosomal rRNA,,,
MGrrnA23S,23S ribosomal rRNA,,,
MGrrnA5S,5S ribosomal rRNA,,,
