Metabolite (722),Description,read only,Read and write,write only,requirement
A23CMP,"2',3'-Cyclic AMP",,,,
A3MP,3'-AMP,,,,
AC,acetate,,,,
ACAL,acetaldehyde,,,,
ACCOA,Acetyl-CoA,,,,
acetamide,acetamide ,,,,
acriflavine,Acriflavine,,,,
ACTP,Acetyl phosphate,,,,
AD,adenine,,,,
ADN,adenosine,,,,
ADP,ADP,,,,
AEPP,2-aminoethylphosphonate,,,,
AHCYS,S-Adenosyl-L-homocysteine,,,,
AHL_3OC12,N-(3-Oxododecanoyl)homoserine lactone,,,,
AHL_3OC6,N-(3-Oxohexanoyl)homoserine lactone,,,,
AKG,2-Oxoglutarate,,,,
ALA,L-alanine,,,,
AlaAla,L-alanyl-L-alanine,,,,
AMET,S-Adenosyl-L-methionine,,,,
aminodimethylaniline,"N,N'-dimethyl-p-phenylenediamine",,,,
AMP,AMP,,,,
AMP_ALA,L-alanyl-AMP,,,,
AMP_ARG,L-Arginyl-AMP,,,,
AMP_ASN,L-Asparagyl-AMP,,,,
AMP_ASP,L-Aspartyl-AMP,,,,
AMP_CYS,L-Cysteinyl-AMP,,,,
AMP_FMET,N-Formyl-L-methionine-AMP,,,,
AMP_GLN,L-glutaminyl-AMP,,,,
AMP_GLU,L-Glutamatyl-AMP,,,,
AMP_GLY,glycyl-AMP,,,,
AMP_HIS,L-Histidyl-AMP,,,,
AMP_ILE,L-Isoleucyl-AMP,,,,
AMP_LEU,L-Leucyl-AMP,,,,
AMP_LYS,L-Lysyl-AMP,,,,
AMP_Lysine,AMP-Lysine,,,,
AMP_MET,L-Methionyl-AMP,,,,
AMP_Mor,AMP-morpholidate,,,,
AMP_NH2,AMP-NH2,,,,
AMP_PHE,L-phenylalanyl-AMP,,,,
AMP_PRO,L-Prolyl-AMP,,,,
AMP_SER,L-Seryl-AMP,,,,
AMP_THR,L-Threonyl-AMP,,,,
AMP_TRP,L-tryptophanyl-AMP,,,,
AMP_TYR,L-tyrosyl-AMP,,,,
AMP_VAL,L-Valyl-AMP,,,,
anthranilate,2-aminobenzoic acid,,,,
ApAp,Ap-Ap,,,,
ARG,L-Arginine,,,,
ArgArg,L-arginyl-L-arginine,,,,
ASN,L-Asparagine,,,,
AsnAsn,L-asparaginyl-L-asparagine,,,,
ASP,L-Aspartate,,,,
AspAsp,L-aspartyl-L-aspartic Acid,,,,
ATP,ATP,,,,
aza6dT,6-aza-2'-deoxythymidine,,,,
aza6dTMP,6-aza-2'-deoxythymidine monophosphate,,,,
aza6THY,6-aza-thymine,,,,
aza8AD,8-aza-adenine,,,,
aza8dA,8-aza-2'-deoxyadenosine,,,,
aza8dAMP,8-aza-2'-deoxyadenosine monophosphate,,,,
azithromycin,azithromycin,,,,
benzalkonium,Benzalkonium,,,,
berberine,Berberine,,,,
BUT,"butyric acid, butanoic acid",,,,
butylene_glycol,"1,2-Butylene glycol",,,,
c_di_AMP,Cyclic-di-adenylate,,,,
C23CMP,"2',3'-Cyclic CMP",,,,
C3MP,3'-CMP,,,,
c5dU,5-Carbouy-2'-deoxyuridine,,,,
c5dUMP,5-Carbouy-2'-deoxyuridine monophosphate,,,,
c5URA,5-Carbouyuracil,,,,
CA,calcium ion,,,,
CAP,carbamoyl phosphate,,,,
carbamoylmethyl6AD,N6-carbamoylmethyladenine,,,,
carbamoylmethyl6dA,N6-carbamoylmethyl-2'-deoxyadenosine,,,,
carbamoylmethyl6dAMP,N6-carbamoylmethyl-2'-deoxyadenosine monophosphate,,,,
CDP,CDP,,,,
CDPDG120,"CDP-1,2-didodecanoylglycerol",,,,
CDPDG140,"CDP-1,2-ditetradecanoylglycerol",,,,
CDPDG141,"CDP-1,2-ditetradec-7-enoylglycerol",,,,
CDPDG160,"CDP-1,2-dihexadecanoylglycerol",,,,
CDPDG161,"CDP-1,2-dihexadec-9-enoylglycerol",,,,
CDPDG180,"CDP-1,2-dioctadecanoylglycerol",,,,
CDPDG181,"CDP-1,2-dioctadec-11-enoylglycerol",,,,
cephalosporin_C,cephalosporin C,,,,
Ceramide16,Ceramide (d18:1/16:0),,,,
CH3,Methyl radical,,,,
CH3OH,methanol,,,,
chloramphenicol,chloramphenicol,,,,
chloroacetaldehyde,chloroacetaldehyde,,,,
chloroethylene_oxide,chloroethylene oxide,,,,
CHOL,choline,,,,
CHP,cumene hydroperoxide,,,,
ciprofloxacin,ciprofloxacin,,,,
CITR,L-citrulline,,,,
CL,chloride ion,,,,
CL160,"cardiolipin (tetrahexadecanoyl, n-C16:0)",,,,
CL161,"cardiolipin (tetrahexadec-9-enoyl, n-C16:1)",,,,
CL181,"cardiolipin (tetraoctadec-11-enoyl, n-C18:1)",,,,
clarithromycin,clarithromycin,,,,
clindamycin,clindamycin,,,,
cmnm5s2U,5-carboxymethylaminomethyl-2-thiouridine,,,,
cmnm5s2UMP,5-carboxymethylaminomethyl-2-thiouridine monophosphate,,,,
CMP,CMP,,,,
CO,cobalt ion,,,,
CO2,carbon dioxide,,,,
COA,coenzyme A,,,,
CpCp,Cp-Cp,,,,
crystalViolet,Crystal violet,,,,
CSN,cytosine,,,,
CSN_GLYC,cytosine glycol,,,,
CSN64CSN,"cytosine-[6,4]-cytosine",,,,
CSN64CSN_dewar,"cytosine-[6,4]-cytosine dewar product",,,,
CSN64THY,"cytosine-[6,4]-thymine",,,,
CSN64THY_dewar,"cytosine-[6,4]-thymine dewar product",,,,
CTP,CTP,,,,
CU,cupric ion,,,,
cyclobutane_CSNCSN,cyclobutane cytosine dimer,,,,
cyclobutane_CSNTHY,cyclobutane cytosine thymine ,,,,
cyclobutane_dCdC,cyclobutane 2'-deoxycytidine dimer,,,,
cyclobutane_dCdT,cyclobutane 2'-deoxycytidine 2'-deoxythymidine ,,,,
cyclobutane_dCMPdCMP,cyclobutane 2'-deoxycytidine monophosphate dimer,,,,
cyclobutane_dCMPdTMP,cyclobutane 2'-deoxycytidine monophosphate 2'-deoxythymidine  monophosphate,,,,
cyclobutane_dTdC,cyclobutane 2'-deoxythymidine 2'-deoxycytidine,,,,
cyclobutane_dTdT,cyclobutane 2'-deoxythymidine dimer,,,,
cyclobutane_dTMPdCMP,cyclobutane 2'-deoxythymidine monophosphate 2'-deoxycytidine monophosphate,,,,
cyclobutane_dTMPdTMP,cyclobutane 2'-deoxythymidine monophosphate dimer,,,,
cyclobutane_THYCSN,cyclobutane thymine cytosine,,,,
cyclobutane_THYTHY,cyclobutane thymine dimer,,,,
cyclodA,"8,5'-cyclo-2'-deoxyadenosine",,,,
cyclodAMP,"8,5'-cyclo-2'-deoxyadenosine monophosphate",,,,
cyclodG,"8,5'-cyclo-2'-deoxyguanosine",,,,
cyclodGMP,"8,5'-cyclo-2'-deoxyguanosine monophosphate",,,,
CYS,L-Cysteine,,,,
CysCys,L-cysteinyl-L-cysteine,,,,
CYTD,cytidine,,,,
DA,deoxyadenosine,,,,
DADP,dADP,,,,
DAG160,Diacylglycerol (n-16:0),,,,
DAG161,Diacylglycerol (n-16:1),,,,
DAG181,Diacylglycerol (n-18:1),,,,
DALA,D-alanine,,,,
DAMP,dAMP,,,,
dApdAp,dAp-dAp,,,,
DATP,dATP,,,,
DC,deoxycytidine,,,,
dC_GLYC,2-'deoxycytidine glycol,,,,
dC64dC,"2'-deoxycytidine-[6,4]-2'-deoxycytidine",,,,
dC64dC_dewar,"2'-deoxycytidine-[6,4]-2'-deoxycytidine dewar product",,,,
dC64dT,"2'-deoxycytidine-[6,4]-2'-deoxythymidine",,,,
dC64dT_dewar,"2'-deoxycytidine-[6,4]-2'-deoxythymidine dewar product",,,,
DCDP,dCDP,,,,
DCMP,dCMP,,,,
dCMP_GLYC,2-'deoxycytidine monophosphate glycol,,,,
dCMP64dCMP,"2'-deoxycytidine monophosphate-[6,4]-2'-deoxycytidine monophosphate",,,,
dCMP64dCMP_dewar,"2'-deoxycytidine monophosphate-[6,4]-2'-deoxycytidine monophosphate dewar product",,,,
dCMP64dTMP,"2'-deoxycytidine monophosphate-[6,4]-2'-deoxythymidine monophosphate",,,,
dCMP64dTMP_dewar,"2'-deoxycytidine monophosphate-[6,4]-2'-deoxythymidine monophosphate dewar product",,,,
dCpdCp,dCp-dCp,,,,
DCTP,dCTP,,,,
DDCA,Dodecanoate (n-C12:0),,,,
DDECG3P,1-dodecanoyl-sn-glycerol 3-phosphate,,,,
ddRibose5P,dideoxyribose 5'-phosphate,,,,
DEN,diethyl nitrosamine,,,,
deoxyG6P,2-deoxy-glucose-6-phosphate,,,,
deoxyGLC,2-deoxy-glucose,,,,
DES,diethyl sulfate,,,,
DG,deoxyguanosine,,,,
DGDP,dGDP,,,,
DGMP,dGMP,,,,
dGpdGp,dGp-dGp,,,,
DGTP,dGTP,,,,
DHA,Dihydroxyacetone,,,,
DHdT,"5,6-dihydro-2'-deoxythymidine",,,,
DHdTMP,"5,6-dihydro-2'-deoxythymidine monophosphate",,,,
DHdU,"5,6-dihydroxy-2'-deoxyuridine",,,,
DHdUMP,"5,6-dihydroxy-2'-deoxyuridine monophosphate",,,,
DHF,dihydrofolate,,,,
dhpdU,5'-dihydroxypentyl-2'-deoxyuridine,,,,
dhpdUMP,5'-dihydroxypentyl-2'-deoxyuridine monophosphate,,,,
dhpURA,5'-dihydroxypentyluracil,,,,
DHTHY,"5,6-dihydrothymine",,,,
DHURA,"5,6-dihydroxyuracil; dialuric acid",,,,
diacylglycerolCys,S-diacylglycerol cysteine ,,,,
DIBUTYRIN,dibutyrin,,,,
difloxacin,difloxacin,,,,
dINS,2'-deoxyinosine,,,,
dINSMP,2'-deoxyinosine monophosphate,,,,
DMBA,dimethylbenzyl alcohol,,,,
DMN,dimethyl nitrosamine,,,,
DNAD,Deamino-NAD+,,,,
doxorubicin,Doxorubicin,,,,
DPCOA,dephospho-CoA,,,,
DPG,3-Phospho-D-glyceroyl phosphate,,,,
DR1P,2-Deoxy-D-ribose 1-phosphate,,,,
DR5P,2-Deoxy-D-ribose 5-phosphate,,,,
dRibose5P_ddRibose5P,deoxyribose 5'-phosphate - dideoxyribose 5'-phosphate,,,,
dRibose5P_dRibose5P,2-Deoxy-D-ribose 5-phosphate dimer,,,,
DT,thymidine,,,,
dT_GLYC,2'-deoxythymidine glycol,,,,
dT64dC,"2'-deoxythymidine-[6,4]-2'-deoxycytidine",,,,
dT64dC_dewar,"2'-deoxythymidine-[6,4]-2'-deoxycytidine dewar product",,,,
dT64dT,"2'-deoxythymidine-[6,4]-2'-deoxythymidine",,,,
dT64dT_dewar,"2'-deoxythymidine-[6,4]-2'-deoxythymidine dewar product",,,,
DTDP,dTDP,,,,
DTMP,dTMP,,,,
dTMP_GLYC,2'-deoxythymidine monophosphate glycol,,,,
dTMP64dCMP,"2'-deoxythymidine monophosphate-[6,4]-2'-deoxycytidine monophosphate",,,,
dTMP64dCMP_dewar,"2'-deoxythymidine monophosphate-[6,4]-2'-deoxycytidine monophosphate dewar product",,,,
dTMP64dTMP,"2'-deoxythymidine monophosphate-[6,4]-2'-deoxythymidine monophosphate",,,,
dTMP64dTMP_dewar,"2'-deoxythymidine monophosphate-[6,4]-2'-deoxythymidine monophosphate dewar product",,,,
dTpdTp,dTp-dTp,,,,
DTTP,dTTP,,,,
DU,deoxyuridine,,,,
DUDP,dUDP,,,,
DUMP,dUMP,,,,
DUTP,dUTP,,,,
dXAN,2'-deoxyxanthosine,,,,
dXANMP,2'-deoxyxanthosine monophosphate,,,,
e1AD,1-ethyladenine,,,,
e1dA,1-ethyl-2'-deoxyadenosine,,,,
e1dAMP,1-ethyl-2'-deoxyadenosine monophosphate,,,,
e1dG,1-ethyl-2'-deoxyguanosine,,,,
e1dGMP,1-ethyl-2'-deoxyguanosine monophosphate,,,,
e1GN,1-ethylguanine,,,,
e3AD,3-ethyladenine,,,,
e3CSN,3-ethylcytosine,,,,
e3dA,3-ethyl-2'-deoxyadenosine,,,,
e3dAMP,3-ethyl-2'-deoxyadenosine monophosphate,,,,
e3dC,3-ethyl-2'-deoxycytidine,,,,
e3dCMP,3-ethyl-2'-deoxycytidine monophosphate,,,,
e3dG,3-ethyl-2'-deoxyguanosine,,,,
e3dGMP,3-ethyl-2'-deoxyguanosine monophosphate,,,,
e3dT,3'-ethyl-2'-deoxythymidine,,,,
e3dTMP,3'-ethyl-2'-deoxythymidine monophosphate,,,,
e3GN,3-ethylguanine,,,,
e3THY,3'-ethylthymine,,,,
e4CSN,4-ethylcytosine,,,,
e4dC,4-ethyl-2'-deoxycytidine,,,,
e4dCMP,4-ethyl-2'-deoxycytidine monophosphate,,,,
E4P,D-Erythrose 4-phosphate,,,,
e5CSN,5-ethylcytosine,,,,
e5dC,5-ethyl-2'-deoxycytidine,,,,
e5dCMP,5-ethyl-2'-deoxycytidine monophosphate,,,,
e6AD,6-ethyladenine,,,,
e6dA,6-ethyl-2'-deoxyadenosine,,,,
e6dAMP,6-ethyl-2'-deoxyadenosine monophosphate,,,,
e7AD,7-ethyladenine,,,,
e7dA,7-ethyl-2'-deoxyadenosine,,,,
e7dAMP,7-ethyl-2'-deoxyadenosine monophosphate,,,,
e7dG,7-ethyl-2'-deoxyguanosine,,,,
e7dGMP,7-ethyl-2'-deoxyguanosine monophosphate,,,,
e7GN,7-ethylguanine,,,,
e8dG,8-ethyl-2'-deoxyguanosine,,,,
e8dGMP,8-ethyl-2'-deoxyguanosine monophosphate,,,,
e8GN,8-ethylguanine,,,,
EMS,ethyl methanesulfonate,,,,
ENNG,ethyl-N'-nitro-N-nitrosoguanidine,,,,
enoxacin,Enoxacin,,,,
ENU,ethyl nitrosourea,,,,
epsilon1N2dG,"1,N2-etheno-2'-deoxyguanosine",,,,
epsilon1N2dGMP,"1,N2-etheno-2'-deoxyguanosine monophosphate",,,,
epsilon1N2GN,"1,N2-etheno-guanine",,,,
epsilon1N6AD,"1,N6-etheno-adenine",,,,
epsilon1N6dA,"1,N6-etheno-2'-deoxyadenosine",,,,
epsilon1N6dAMP,"1,N6-etheno-2'-deoxyadenosine monophosphate",,,,
epsilon3N4CSN,"3,N4-etheno-cytosine",,,,
epsilon3N4dC,"3,N4-etheno-2'-deoxycytidine",,,,
epsilon3N4dCMP,"3,N4-etheno-2'-deoxycytidine monophosphate",,,,
epsilonN23dG,"N2,3-etheno-2'-deoxyguanosine",,,,
epsilonN23dGMP,"N2,3-etheno-2'-deoxyguanosine monophosphate",,,,
epsilonN23GN,"N2,3-etheno-guanine",,,,
erythromycin,erythromycin,,,,
ES,ethylsulfate,,,,
ethidium,Ethidium,,,,
ethyl_nitrosamine,ethyl nitrosamine,,,,
ETN,ethanolamine,,,,
F1P,D-Fructose 1-phosphate,,,,
f5dU,5-formyl-2'-deoxyuridine,,,,
f5dUMP,5-formyl-2'-deoxyuridine monophosphate,,,,
f5URA,5-formyluracil,,,,
F6P,D-Fructose 6-phosphate,,,,
FAD,"flavin adenine dinucleotide, oxidized",,,,
FADH2,"flavin adenine dinucleotide, reduced",,,,
FALD,formaldehyde,,,,
FAPyAD,"4,6-diamino-5-N-formamidopyrimidine",,,,
FAPydA,"N4-(2-Deoxy-alpha,beta-D-erythro-pentofuranosyl)-4,6-diamino-5-formamidopyrimidine",,,,
FAPydAMP,"N4-(2-Deoxy-alpha,beta-D-erythro-pentofuranosyl)-4,6-diamino-5-formamidopyrimidine monophosphate",,,,
FAPydG,"N6-(2-Deoxy-?,?-d-erythro-pentofuranosyl)-2,6-diamino-4-hydroxy-5-formamidopyrimidine",,,,
FAPydGMP,"N6-(2-Deoxy-?,?-d-erythro-pentofuranosyl)-2,6-diamino-4-hydroxy-5-formamidopyrimidine monophosphate",,,,
FAPyGN,"2,6-diamino-4-hydroxy-5-formamidopyrimidine",,,,
FDP,"D-Fructose 1,6-bisphosphate",,,,
FE2,ferrous iron,,,,
FE3,ferric iron,,,,
FMET,N-Formyl-L-methionine,,,,
fMetMet,N-Formyl-L-methionyl-L-methionine,,,,
FMN,"flavin mononucleotide, oxidized",,,,
FMNH2,"flavin mononucleotide, reduced",,,,
FOR,Formate,,,,
FRU,D-Fructose,,,,
FTHF10,10-formyl-tetrahydrofolate,,,,
FTHF5,5-formyltetrahydrofolate,,,,
FUC1P,L-fucose 1-phosphate,,,,
G1P,D-Glucose 1-phosphate,,,,
G23CMP,"2',3'-Cyclic GMP",,,,
G2P,D-Glycerate 2-phosphate,,,,
G3MP,3'-GMP,,,,
G3P,3-Phospho-D-glycerate,,,,
G6P,D-Glucose 6-phosphate,,,,
GalCer16,galactosyl-?-Ceramide (d18:1/16:0),,,,
GalDAG160,galactosyl-?-diacylglycerol(16:0/16:1(9Z)),,,,
GalDAG161,galactosyl-?-diacylglycerol(16:1(9Z)/16:1(9Z)),,,,
GalDAG181,galactosyl-?-diacylglycerol(18:1(11Z)/18:1(11Z)),,,,
GalGalCer16,galactosyl-?1-4-galactosyl-?-Ceramide (d18:1/16:0),,,,
GalGalDAG160,galactosyl-?1-4-galactosyl-?-diacylglycerol(16:0/16:1(9Z)),,,,
GalGalDAG161,galactosyl-?1-4-galactosyl-?-diacylglycerol(16:1(9Z)/16:1(9Z)),,,,
GalGalDAG181,galactosyl-?1-4-galactosyl-?-diacylglycerol(18:1(11Z)/18:1(11Z)),,,,
GalGalGalDAG160,galactosyl-?1-4-galactosyl-?1-4-galactosyl-?-diacylglycerol(16:0/16:1(9Z)),,,,
GalGalGalDAG161,galactosyl-?1-4-galactosyl-?1-4-galactosyl-?-diacylglycerol(16:1(9Z)/16:1(9Z)),,,,
GalGalGalDAG181,galactosyl-?1-4-galactosyl-?1-4-galactosyl-?-diacylglycerol(18:1(11Z)/18:1(11Z)),,,,
GalGalGlcCer16,galactosyl-?1-4-galactosyl-?1-4-glucosyl-?-Ceramide (d18:1/16:0),,,,
GalGalGlcDAG160,galactosyl-?1-4-galactosyl-?1-4-glucosyl-?-diacylglycerol(16:0/16:1(9Z)),,,,
GalGalGlcDAG161,galactosyl-?1-4-galactosyl-?1-4-glucosyl-?-diacylglycerol(16:1(9Z)/16:1(9Z)),,,,
GalGalGlcDAG181,galactosyl-?1-4-galactosyl-?1-4-glucosyl-?-diacylglycerol(18:1(11Z)/18:1(11Z)),,,,
GalGlcCer16,galactosyl-?1-4-glucosyl-?-Ceramide (d18:1/16:0),,,,
GalGlcDAG160,galactosyl-?1-4-glucosyl-?-diacylglycerol(16:0/16:1(9Z)),,,,
GalGlcDAG161,galactosyl-?1-4-glucosyl-?-diacylglycerol(16:1(9Z)/16:1(9Z)),,,,
GalGlcDAG181,galactosyl-?1-4-glucosyl-?-diacylglycerol(18:1(11Z)/18:1(11Z)),,,,
GDP,GDP,,,,
GDPTP,Guanosine 3'-diphosphate 5'-triphosphate,,,,
gentamicin,gentamicin,,,,
GL,glycerol,,,,
GL2P,Glycerol 2-phosphate,,,,
GL3P,Glycerol 3-phosphate,,,,
GLC,D-Glucose,,,,
GlcCer16,glucosyl-?-Ceramide (d18:1/16:0),,,,
GlcDAG160,glucosyl-?-diacylglycerol(16:0/16:1(9Z)),,,,
GlcDAG161,glucosyl-?-diacylglycerol(16:1(9Z)/16:1(9Z)),,,,
GlcDAG181,glucosyl-?-diacylglycerol(18:1(11Z)/18:1(11Z)),,,,
GlcGalCer16,glucosyl-?1-4-galactosyl-?-Ceramide (d18:1/16:0),,,,
GlcGalDAG160,glucosyl-?1-4-galactosyl-?-diacylglycerol(16:0/16:1(9Z)),,,,
GlcGalDAG161,glucosyl-?1-4-galactosyl-?-diacylglycerol(16:1(9Z)/16:1(9Z)),,,,
GlcGalDAG181,glucosyl-?1-4-galactosyl-?-diacylglycerol(18:1(11Z)/18:1(11Z)),,,,
GlcGalGalDAG160,glucosyl-?1-4-galactosyl-?1-4-galactosyl-?-diacylglycerol(16:0/16:1(9Z)),,,,
GlcGalGalDAG161,glucosyl-?1-4-galactosyl-?1-4-galactosyl-?-diacylglycerol(16:1(9Z)/16:1(9Z)),,,,
GlcGalGalDAG181,glucosyl-?1-4-galactosyl-?1-4-galactosyl-?-diacylglycerol(18:1(11Z)/18:1(11Z)),,,,
GlcGalGlcDAG160,glucosyl-?1-4-galactosyl-?1-4-glucosyl-?-diacylglycerol(16:0/16:1(9Z)),,,,
GlcGalGlcDAG161,glucosyl-?1-4-galactosyl-?1-4-glucosyl-?-diacylglycerol(16:1(9Z)/16:1(9Z)),,,,
GlcGalGlcDAG181,glucosyl-?1-4-galactosyl-?1-4-glucosyl-?-diacylglycerol(18:1(11Z)/18:1(11Z)),,,,
GlcGlcDAG160,glucosyl-?1-4-glucosyl-?-diacylglycerol(16:0/16:1(9Z)),,,,
GlcGlcDAG161,glucosyl-?1-4-glucosyl-?-diacylglycerol(16:1(9Z)/16:1(9Z)),,,,
GlcGlcDAG181,glucosyl-?1-4-glucosyl-?-diacylglycerol(18:1(11Z)/18:1(11Z)),,,,
GlcGlcGlcDAG160,glucosyl-?1-4-glucosyl-?1-4-glucosyl-?-diacylglycerol(16:0/16:1(9Z)),,,,
GlcGlcGlcDAG161,glucosyl-?1-4-glucosyl-?1-4-glucosyl-?-diacylglycerol(16:1(9Z)/16:1(9Z)),,,,
GlcGlcGlcDAG181,glucosyl-?1-4-glucosyl-?1-4-glucosyl-?-diacylglycerol(18:1(11Z)/18:1(11Z)),,,,
glchm5CSN,beta-D-glucosylhydroxymethylcytosine,,,,
glchm5dC,beta-D-glucosylhydroxymethyl-2'-deoxycytidine,,,,
glchm5dCMP,beta-D-glucosylhydroxymethyl-2'-deoxycytidine monophosphate,,,,
glchm5dU,beta-D-glucosylhydroxymethyl-2'-deoxyuridine,,,,
glchm5dUMP,beta-D-glucosylhydroxymethyl-2'-deoxyuridine monophosphate,,,,
glchm5URA,beta-D-glucosylhydroxymethyluracil; base J,,,,
GLN,L-glutamine,,,,
GlnGln,L-glutaminyl-L-glutamine,,,,
GLU,L-Glutamate,,,,
gludT,a-glutamyl-2'-deoxythymidine,,,,
gludTMP,a-glutamyl-2'-deoxythymidine monophosphate,,,,
GluGlu,L-glutamyl-L-glutamic acid,,,,
gluTHY,a-glutamylthymine,,,,
GLY,glycine,,,,
GlyGly,L-glycyl-L-glycine,,,,
Gm,2'-O-methylguanosine,,,,
GmMP,2'-O-methylguanosine monophosphate,,,,
GMP,GMP,,,,
GMP_Lysine,GMP-lysine,,,,
GMP_Mor,GMP-morpholidate,,,,
GN,guanine,,,,
GPCH,sn-Glycero-3-phosphocholine,,,,
GPE,sn-Glycero-3-phosphoethanolamine,,,,
GPG,Glycerophosphoglycerol,,,,
GpGp,Gp-Gp,,,,
GPI,sn-Glycero-3-phospho-1-inositol,,,,
GPS,Glycerophosphoserine,,,,
GSN,guanosine,,,,
GTP,GTP,,,,
H,hydrogen ion,,,,
H2O,water,,,,
H2O2,hydrogen peroxide,,,,
HCYS,L-homocysteine,,,,
HDCA,Hexadecanoate (n-C16:0),,,,
HDCEA,Hexadecenoate (n-C16:1),,,,
HDECEG3P,1-hexadecanoyl-sn-glycerol 3-phosphate,,,,
HDECG3P,1-hexadec-9-enoyl-sn-glycerol 3-phosphate,,,,
HIS,L-Histidine,,,,
HisHis,L-histidyl-L-histidine,,,,
hm3CSN,3'-hydroxymethylcytosine,,,,
hm3dC,3'-hydroxymethyl-2'-deoxycytidine,,,,
hm3dCMP,3'-hydroxymethyl-2'-deoxycytidine monophosphate,,,,
hm5CSN,5'-hydroxymethylcytosine,,,,
hm5dC,5'-hydroxymethyl-2'-deoxycytidine,,,,
hm5dCMP,5'-hydroxymethyl-2'-deoxycytidine monophosphate,,,,
hm5dU,5-hydroxymethyl-2'-deoxyuridine,,,,
hm5dUMP,5-hydroxymethyl-2'-deoxyuridine monophosphate,,,,
hm5hydantoin,5-hydroxy-5-methylhydantoin,,,,
hm5hydantoin_dRibose,2'-deoxy-3'-(5-hydroxy-5-methyl-hydantoin)-ribose,,,,
hm5hydantoin_dRiboseMP,2'-deoxy-3'-(5-hydroxy-5-methyl-hydantoin)-ribose monophosphate,,,,
hm5URA,5-hydroxymethyluracil,,,,
HNO2,nitrous acid,,,,
ho5CSN,5-Hydroxycytosine,,,,
ho5dC,5-Hydroxy-2'-deoxycytidine,,,,
ho5dCMP,5-Hydroxy-2'-deoxycytidine monophosphate,,,,
ho5dU,5-hydroxy-2'-deoxyuridine,,,,
ho5dUMP,5-hydroxy-2'-deoxyuridine monophosphate,,,,
ho5ho6dT,5-hydroxy-6-hydroxy-2'-deoxythymidine,,,,
ho5ho6dTMP,5-hydroxy-6-hydroxy-2'-deoxythymidine monophosphate,,,,
ho5ho6dU,5-hydroxy-6-hydroxy-2'-deoxyuridine,,,,
ho5ho6dUMP,5-hydroxy-6-hydroxy-2'-deoxyuridine monophosphate,,,,
ho5ho6THY,5-hydroxy-6-hydroxythymine,,,,
ho5ho6URA,5-hydroxy-6-hydroxyuracil,,,,
ho5hydantoin,5-hydroxyhydantoin,,,,
ho5hydantoin_dRibose,2'-deoxy-3'-(5-hydroxyhydantoin)-ribose,,,,
ho5hydantoin_dRiboseMP,2'-deoxy-3'-(5-hydroxyhydantoin)-ribose monophosphate,,,,
ho5URA,5-hydroxyuracil,,,,
HPHPYR,3-(4-Hydroxyphenyl)pyruvate,,,,
hydride,hydride,,,,
hydrogen_radical,hydrogen radical,,,,
hydroxyl_radical,hydroxyl radical,,,,
HYXN,hypoxanthine,,,,
IDP,IDP,,,,
ILE,L-Isoleucine,,,,
IleIle,L-isoleucyl-L-isoleucine,,,,
IMP,IMP,,,,
INOS,myo-inositol,,,,
INS,inosine,,,,
ITP,ITP,,,,
K,potassium ion,,,,
k2C,lysidine,,,,
k2CMP,lysidine monophosphate,,,,
LAC,D-lactate,,,,
LEU,L-Leucine,,,,
LeuLeu,L-leucyl-L-leucine,,,,
lincomycin,lincomycin,,,,
LIPOATE,lipoate,,,,
LIPOYLAMP,lipoyl-AMP,,,,
LIPOYLLYS,N(6)-(lipoyl)lysine,,,,
lomefloxacin,Lomefloxacin,,,,
LYS,L-Lysine,,,,
LysLys,L-lysyl-L-lysine,,,,
m1AD,1-methyladenine,,,,
m1dA,1-methyl-2'-deoxyadenosine,,,,
m1dAMP,1-methyl-2'-deoxyadenosine monophosphate,,,,
m1dG,1-methyl-2'-deoxyguanosine,,,,
m1dGMP,1-methyl-2'-deoxyguanosine monophosphate,,,,
m1G,1-methylguanosine,,,,
m1GMP,1-methylguanosine monophosphate,,,,
m1GN,1-methylguanine,,,,
m2G,N(2)-methylguanosine,,,,
m2GMP,N(2)-methylguanosine monophosphate,,,,
m3AD,3-methyladenine,,,,
m3CSN,3-methylcytosine,,,,
m3dA,3-methyl-2'-deoxyadenosine,,,,
m3dAMP,3-methyl-2'-deoxyadenosine monophosphate,,,,
m3dC,3-methyl-2'-deoxycytidine,,,,
m3dCMP,3-methyl-2'-deoxycytidine monophosphate,,,,
m3dG,3-methyl-2'-deoxyguanosine,,,,
m3dGMP,3-methyl-2'-deoxyguanosine monophosphate,,,,
m3dT,3'-methyl-2'-deoxythymidine,,,,
m3dTMP,3'-methyl-2'-deoxythymidine monophosphate,,,,
m3GN,3-methylguanine,,,,
m3THY,3'-methylthymine,,,,
m4CSN,4-methylcytosine,,,,
m4dC,4-methyl-2'-deoxycytidine,,,,
m4dCMP,4-methyl-2'-deoxycytidine monophosphate,,,,
m5C,5-methylcytidine,,,,
m5CMP,5-methylcytidine monophosphate,,,,
m5CSN,5-methylcytosine,,,,
m5dC,5-methyl-2'-deoxycytidine,,,,
m5dCMP,5-methyl-2'-deoxycytidine monophosphate,,,,
m62A,"N6,N6-dimethyladenosine",,,,
m62AMP,"N6,N6-dimethyladenosine monophosphate",,,,
m6A,N(6)-methyladenine,,,,
m6AD,6-methyladenine,,,,
m6AMP,N(6)-methyladenine monophosphate,,,,
m6dA,6-methyl-2'-deoxyadenosine,,,,
m6dAMP,6-methyl-2'-deoxyadenosine monophosphate,,,,
m7AD,7-methyladenine,,,,
m7dA,7-methyl-2'-deoxyadenosine,,,,
m7dAMP,7-methyl-2'-deoxyadenosine monophosphate,,,,
m7dG,7-methyl-2'-deoxyguanosine,,,,
m7dGMP,7-methyl-2'-deoxyguanosine monophosphate,,,,
m7G,7-methylguanosine,,,,
m7GMP,7-methylguanosine monophosphate,,,,
m7GN,7-methylguanine,,,,
m8dG,8-methyl-2'-deoxyguanosine,,,,
m8dGMP,8-methyl-2'-deoxyguanosine monophosphate,,,,
m8GN,8-methylguanine,,,,
MAL,L-Malate,,,,
MAN,D-Mannose,,,,
MAN1P,D-Mannose 1-phosphate,,,,
MAN6P,D-Mannose 6-phosphate,,,,
MET,L-Methionine,,,,
METHF,"5,10-methyltetrahydrofolate",,,,
methyl_nitrosamine,methyl nitrosamine,,,,
METHYL_OCDCEA,methyl oleate,,,,
methylRed,4?-dimethylaminoazobenzene-2-carboxylic acid,,,,
MetMet,L-methionyl-L-methionine,,,,
METSOXRL,L-Methionine-R-Sulfoxide,,,,
METSOXSL,L-Methionine-S-Sulfoxide,,,,
METTHF,"5,10-Methylenetetrahydrofolate",,,,
MG,magnesium ion,,,,
MMS,methyl methanesulphonate,,,,
MMSO4,dimethyl sulfate,,,,
MN,manganese ion,,,,
MNNG,N-methyl-N'-nitro-N-nitrosoguanidine,,,,
MNU,N-methyl-N-nitrosourea,,,,
MO,molybdenum ion,,,,
MOBD,Molybdate,,,,
MONOBUTYRIN,1-monobutyrin,,,,
MOR,morpholine,,,,
MQL7,Menaquinol 7,,,,
MQN7,Menaquinone 7,,,,
MS,methanesulfonic acid,,,,
MSO4,Methyl sulfate,,,,
MTHF,5-Methyltetrahydrofolate,,,,
n2AD,2-amino-adenine,,,,
n2dA,2-amino-2'-deoxyadenosine,,,,
n2dAMP,2-amino-2'-deoxyadenosine monophosphate,,,,
NA,sodium ion,,,,
NAAD,nicotinic acid adenine dinucleotide,,,,
NAC,nicotinate,,,,
NAD,"nicotinamide adenine dinucleotide, oxidized",,,,
NADH,"nicotinamide adenine dinucleotide, reduced",,,,
NADP,"nicotinamide adenine dinucleotide phosphate, oxidized",,,,
NADPH,"nicotinamide adenine dinucleotide phosphate, reduced",,,,
nalidixic_acid,nalidixic acid,,,,
NAMN,nicotinate/nicotinic acid mononucleotide,,,,
NH3,ammonia,,,,
NH4,ammonium,,,,
NI,nickel,,,,
nisin,nisin,,,,
NMN,nicotinamide mononucleotide,,,,
NNG,1-nitro-2-nitrosoguanidine,,,,
norfloxacin,Norfloxacin,,,,
novobiocin,Novobiocin,,,,
NR,Nicotinate D-ribonucleotide,,,,
NU,nitrosourea,,,,
O2,oxygen,,,,
O2eCSN,2'-O-ethylcytosine,,,,
O2edC,2'-O-ethyl-2'-deoxycytidine,,,,
O2edCMP,2'-O-ethyl-2'-deoxycytidine monophosphate,,,,
O2edT,2'-O-ethyl-2'-deoxythymidine,,,,
O2edTMP,2'-O-ethyl-2'-deoxythymidine monophosphate,,,,
O2eTHY,2'-O-ethylthymine,,,,
O2mCSN,2'-O-methylcytosine,,,,
O2mdC,2'-O-methyl-2'-deoxycytidine,,,,
O2mdCMP,2'-O-methyl-2'-deoxycytidine monophosphate,,,,
O2mdT,2'-O-methyl-2'-deoxythymidine,,,,
O2mdTMP,2'-O-methyl-2'-deoxythymidine monophosphate,,,,
O2mTHY,2'-O-methylthymine,,,,
O4edT,4'-O-ethyl-2'-deoxythymidine,,,,
O4edTMP,4'-O-ethyl-2'-deoxythymidine monophosphate,,,,
O4eTHY,4'-O-ethylthymine,,,,
O4mdT,4'-O-methyl-2'-deoxythymidine,,,,
O4mdTMP,4'-O-methyl-2'-deoxythymidine monophosphate,,,,
O4mTHY,4'-O-methylthymine,,,,
O6edG,6'-O-ethyl-2'-deoxyguanosine,,,,
O6edGMP,6'-O-ethyl-2'-deoxyguanosine monophosphate,,,,
O6eGN,6'-O-ethylguanine,,,,
O6mdG,6'-O-methyl-2'-deoxyguanosine,,,,
O6mdGMP,6'-O-methyl-2'-deoxyguanosine monophosphate,,,,
O6mGN,6'-O-methylguanine,,,,
OA,oxaloacetate,,,,
OCDCA,octadecanoate (n-C18:0),,,,
OCDCEA,octadecenoate (n-C18:1),,,,
ODEC11GP,1-octadec-11-enoyl-sn-glycerol 3-phosphate,,,,
ODECG3P,1-octadecanoyl-sn-glycerol 3-phosphate,,,,
OH,hydoxide anion,,,,
ORN,ornithine,,,,
oxo2AD,2-hydroxyadenine,,,,
oxo2dA,2-hydroxy-2'-deoxyadenosine,,,,
oxo2dAMP,2-hydroxy-2'-deoxyadenosine monophosphate,,,,
oxo8AD,8-hydroxyadenine,,,,
oxo8dA,8-hydroxy-2'-deoxyadenosine,,,,
oxo8dAMP,8-hydroxy-2'-deoxyadenosine monophosphate,,,,
oxo8dG,8-Oxo-2'-deoxyguanosine; 8-hydroxy-2'-deoxyguanosine,,,,
oxo8dGMP,8-Oxo-2'-deoxyguanosine monophosphate; 8-hydroxy-2'-deoxyguanosine monophosphate,,,,
oxo8GN,8-Oxo-guanine; 8-hydroxyguanine,,,,
oxoethyl7dG,7-(2'-oxoethyl)-2'-deoxyguanosine,,,,
oxoethyl7dGMP,7-(2'-oxoethyl)-2'-deoxyguanosine monophosphate,,,,
oxoethyl7GN,7-(2'-oxoethyl)-guanine,,,,
PA120,"1,2-didodecanoyl-sn-glycerol 3-phosphate",,,,
PA140,"1,2-ditetradecanoyl-sn-glycerol 3-phosphate",,,,
PA141,"1,2-ditetradec-7-enoyl-sn-glycerol 3-phosphate",,,,
PA160,"1,2-dihexadecanoyl-sn-glycerol 3-phosphate",,,,
PA161,"1,2-dihexadec-9-enoyl-sn-glycerol 3-phosphate",,,,
PA180,"1,2-dioctadecanoyl-sn-glycerol 3-phosphate",,,,
PA181,"1,2-dioctadec-11-enoyl-sn-glycerol 3-phosphate",,,,
PAP,"Adenosine 3',5'-bisphosphate",,,,
pCHOL,phosphoryl-choline,,,,
PDLA5P,Pyridoxamine 5'-phosphate,,,,
penicillin_G,penicillin G,,,,
PEP,phosphoenolpyruvate,,,,
PG160,"Phosphatidylglycerol (dihexadecanoyl, n-C16:0)",,,,
PG161,"Phosphatidylglycerol (dihexadec-9-enoyl, n-C16:1)",,,,
PG181,"Phosphatidylglycerol (dioctadec-11-enoyl, n-C18:1)",,,,
PGP160,"Phosphatidylglycerophosphate (dihexadecanoyl, n-C16:0)",,,,
PGP161,"Phosphatidylglycerophosphate (dihexadec-9-enoyl, n-C16:1)",,,,
PGP181,"Phosphatidylglycerophosphate (dioctadec-11-enoyl, n-C18:1)",,,,
PHE,L-phenylalanine,,,,
PhePhe,L-phenylalanyl-L-phenylalanine,,,,
PHPYR,phenylpyruvate,,,,
PI,phosphate,,,,
PL5P,Pyridoxal 5'-phosphate,,,,
POE_SORBITAN,Polyoxyethylene (20) sorbitan,,,,
PPAA,Phosphonoacetaldehyde,,,,
PPGPP,"Guanosine 3',5'-bis(diphosphate)",,,,
PPHG,protoporphyrinogen IX,,,,
PPI,diphosphate,,,,
PPIX,protoporphyrin IX,,,,
pristinamycin,pristinamycin,,,,
PRO,L-Proline,,,,
proflavine,Proflavine,,,,
ProPro,L-prolyl-L-proline,,,,
PRPP,5-Phospho-alpha-D-ribose 1-diphosphate,,,,
pSER,phosphoserine,,,,
PSIURI,pseudouridine,,,,
PSIURIMP,pseudouridine monophoshate,,,,
pTHR,phosphothreonine,,,,
PTRC,putrescine,,,,
pTYR,Phosphotyrosine,,,,
putdT,alpha-putrescinyl-2'-deoxythymidine,,,,
putdTMP,alpha-putrescinyl-2'-deoxythymidine monophosphate,,,,
putTHY,alpha-putrescinylthymine,,,,
PYDX,Pyridoxal,,,,
PYR,pyruvate,,,,
R1P,alpha-D-Ribose 1-phosphate,,,,
R5P,alpha-D-Ribose 5-phosphate,,,,
RBFLVRD,"riboflavin, reduced",,,,
rhodamine6G,Rhodamine 6G,,,,
RIB,D-ribose,,,,
RIBFLV,"riboflavin, oxidized",,,,
ribothymidine,ribothymidine,,,,
rifampicin,rifampicin,,,,
RL5P,D-Ribulose 5-phosphate,,,,
s2U,2-thiouridine,,,,
s2UMP,2-thiouridine monophosphate,,,,
s4U,4-thiouridine,,,,
s4UMP,4-thiouridine monophosphate,,,,
S7P,D-sedoheptulose-7-phosphate,,,,
SALA,3-Sulfino-L-alanine,,,,
SBT,D-Sorbitol,,,,
SBT6P,D-Sorbitol 6-phosphate,,,,
SER,L-Serine,,,,
SerSer,L-seryl-L-serine,,,,
singlet_oxygen,singlet oxygen,,,,
SNGLYP,sn-glycerol-1-phosphate,,,,
SO2,sulfur dioxide,,,,
SO4,sulphate,,,,
sparfloxacin,sparfloxacin,,,,
spectinomycin,spectinomycin,,,,
SPMD,spermidine,,,,
STEROL,cholesterol,,,,
streptomycin,streptomycin,,,,
superoxide,superoxide,,,,
T3P1,D-glyceraldehdye-3-phosphate,,,,
T3P2,Dihydroxyacetone phosphate,,,,
TAG16P,"D-Tagatose 1,6-biphosphate",,,,
TAG6P,D-Tagatose 6-phosphate,,,,
tBHP,tert-butylhydroperoxide,,,,
tBOH,tert-Butanol,,,,
TDECEG3P,1-tetradec-7-enoyl-sn-glycerol 3-phosphate,,,,
TDECG3P,1-tetradecanoyl-sn-glycerol 3-phosphate,,,,
TDP,TDP,,,,
tetracycline,tetracycline,,,,
tetraphenylphosphonium,tetraphenylphosphonium,,,,
THF,"5,6,7,8-Tetrahydrofolate",,,,
THM,thiamine,,,,
THMP,Thiamin monophosphate,,,,
THR,L-Threonine,,,,
ThrThr,L-threonyl-L-threonine,,,,
THY,thymine,,,,
THY_GLYC,thymine glycol,,,,
THY64CSN,"thymine-[6,4]-cytosine",,,,
THY64CSN_dewar,"thymine-[6,4]-cytosine dewar product",,,,
THY64THY,"thymine-[6,4]-thymine",,,,
THY64THY_dewar,"thymine-[6,4]-thymine dewar product",,,,
TPP,thiamine diphosphate,,,,
TRI_HDCEA_IN,triacylglycerol of {Hexadecenoate acid},,,,
TRI_TTDCEA_IN,triacylglycerol of {tetradecenoic acid},,,,
TRIBUTYRIN,"tributyrin; 1,3-Di(butanoyloxy)propan-2-yl butanoate; butyrin",,,,
TRILAURIN,trilaurin,,,,
TRIMYRISTIN,"trimyristin; 1,3-Di(tetradecanoyloxy)propan-2-yl tetradecanoate; glyceryl trimyristate",,,,
TRIOLEIN,triolein,,,,
TRIPALMITIN,"tripalmitin; 1,2,3-Trihexadecanoylglycerol; Glyceryl Tripalmitate; Glycerol Tripalmitate",,,,
TRISTEARIN,Tristearin,,,,
TRP,L-tryptophan,,,,
TrpTrp,L-trytophanyl-L-trytophan,,,,
TTDCA,tetradecanoate (n-C14:0),,,,
TTDCEA,tetradecenoate (n-C14:1),,,,
TTP,TTP,,,,
TWEEN80,Tween 80; Polyoxyethylene (20) sorbitan monooleate; polysorbate 80,,,,
TYR,L-tyrosine,,,,
TyrTyr,L-tyrosyl-L-tyrosine,,,,
U23CMP,"2',3'-Cyclic UMP",,,,
U3MP,3'-UMP,,,,
UDP,UDP,,,,
UDPG,UDP-glucose,,,,
UDPGAL,UDP-galactose,,,,
UDPGALF,"UDP-D-galacto-1,4-furanose",,,,
Um,2'-O-methyluridine,,,,
UmMP,2'-O-methyluridine monophosphate,,,,
UMP,UMP,,,,
UpUp,Up-Up,,,,
URA,uracil,,,,
URI,uridine,,,,
UTP,UTP,,,,
VAL,L-Valine,,,,
ValVal,L-valyl-L-valine,,,,
vinyl_chloride,Vinylchloride,,,,
X5P,D-Xylulose 5-phosphate,,,,
XAN,xanthine,,,,
XTSN,xanthosine,,,,
ZN,zinc ion,,,,
